study,arm,item,scale_range,class,elicited,personal_feedback,downstream,n_treat,n_ctrl,ate_raw,se_raw,ate_abs_pp,se_pp,e_arm_pp,e_out_pp,c3_mean,n_c3,noncorr_mean,n_noncorr_arms,primary_item,notes
gatewaybelief_Exp1_Maertens2020,CORRECT_consensus,PSC.T2,100,C1,1,0,0,239,120,9.297109604201573,1.0291025253236445,9.297109604201573,1.0291025253236445,,8.760107072080533,0.5370025321210405,2.0,,,True,ANCOVA on T1 pre-measure; T2 = post-message
gatewaybelief_Exp1_Maertens2020,CORRECT_consensus,Belief.T2,6,C2,1,0,0,239,120,0.12427709879458404,0.0606438525092991,2.0712849799097337,1.010730875154985,,1.5342824477886932,0.5370025321210405,2.0,,,True,ANCOVA on T1 pre-measure; T2 = post-message
gatewaybelief_Exp1_Maertens2020,CORRECT_consensus,HumanCausation.T2,6,C2,1,0,0,239,120,0.1898051553032879,0.053248956313712216,3.163419255054798,0.887482605228537,,2.626416722933757,0.5370025321210405,2.0,,,True,ANCOVA on T1 pre-measure; T2 = post-message
gatewaybelief_Exp1_Maertens2020,CORRECT_consensus,Worry.T2,6,C3,1,0,1,239,120,0.02226862187027088,0.047660976036747175,0.37114369783784795,0.794349600612453,,,0.5370025321210405,2.0,,,True,ANCOVA on T1 pre-measure; T2 = post-message
gatewaybelief_Exp1_Maertens2020,CORRECT_consensus,SupportForAction.T2,6,C3,1,0,1,239,120,0.042171681984253986,0.053808095165302536,0.7028613664042331,0.8968015860883756,,,0.5370025321210405,2.0,,,True,ANCOVA on T1 pre-measure; T2 = post-message
gatewaybelief_Exp2_vdL2017,CORRECT_piechart97,psc.T2,100,C1,1,0,0,338,362,18.82019875306266,1.0214469808847273,18.82019875306266,1.0214469808847273,,16.646415801084892,2.1737829519777687,2.0,,,True,ANCOVA on T1 pre; belief/hcaused = authors 1-5 recodes (Experiment 2 analysis.R)
gatewaybelief_Exp2_vdL2017,CORRECT_piechart97,belief.T2,4,C2,1,0,0,338,362,0.06853432049199375,0.03748978341754916,1.7133580122998437,0.937244585438729,,-0.46042493967792497,2.1737829519777687,2.0,,,True,ANCOVA on T1 pre; belief/hcaused = authors 1-5 recodes (Experiment 2 analysis.R)
gatewaybelief_Exp2_vdL2017,CORRECT_piechart97,hcaused.T2,4,C2,1,0,0,297,342,0.21259291465325114,0.042933379944649394,5.314822866331278,1.0733344986162348,,3.1410399143535095,2.1737829519777687,2.0,,,True,ANCOVA on T1 pre; belief/hcaused = authors 1-5 recodes (Experiment 2 analysis.R)
gatewaybelief_Exp2_vdL2017,CORRECT_piechart97,worry.T2,6,C3,1,0,1,337,362,0.11798831444096411,0.05046833776514004,1.9664719073494017,0.8411389627523339,,,2.1737829519777687,2.0,,,True,ANCOVA on T1 pre; belief/hcaused = authors 1-5 recodes (Experiment 2 analysis.R)
gatewaybelief_Exp2_vdL2017,CORRECT_piechart97,action.T2,6,C3,1,0,1,338,362,0.14286563979636818,0.042792821274712116,2.381093996606136,0.7132136879118686,,,2.1737829519777687,2.0,,,True,ANCOVA on T1 pre; belief/hcaused = authors 1-5 recodes (Experiment 2 analysis.R)
geiger2026_vdL2019_US,CORRECT_consensus97,consensus_post,100,C1,1,0,0,3150,3151,16.419663263719695,0.41338714544050936,16.419663263719695,0.4133871454405093,,14.915149353610454,1.5045139101092413,2.0,,,True,ANCOVA on pre; 1-7 composites with decimals; consensus 0-100
geiger2026_vdL2019_US,CORRECT_consensus97,belief_post,6,C2,1,0,0,3150,3151,0.1424799534283994,0.02185752953195813,2.3746658904733233,0.3642921588659689,,0.870151980364082,1.5045139101092413,2.0,,,True,ANCOVA on pre; 1-7 composites with decimals; consensus 0-100
geiger2026_vdL2019_US,CORRECT_consensus97,cause_post,6,C2,1,0,0,3150,3151,0.19634285332005805,0.020614586457332454,3.272380888667634,0.3435764409555409,,1.767866978558393,1.5045139101092413,2.0,,,True,ANCOVA on pre; 1-7 composites with decimals; consensus 0-100
geiger2026_vdL2019_US,CORRECT_consensus97,worry_post,6,C3,1,0,1,3150,3151,0.10081491426270665,0.020509008444342676,1.680248571045111,0.34181680740571124,,,1.5045139101092413,2.0,,,True,ANCOVA on pre; 1-7 composites with decimals; consensus 0-100
geiger2026_vdL2019_US,CORRECT_consensus97,policy_post,6,C3,1,0,1,3150,3151,0.0797267549504023,0.020204040628591425,1.3287792491733716,0.33673401047652374,,,1.5045139101092413,2.0,,,True,ANCOVA on pre; 1-7 composites with decimals; consensus 0-100
geiger2026_Veckalov2024_27c,CORRECT_consensus_classic,consensus_perception,100,C1,1,0,0,3488,3512,6.6264621430881485,0.22791803032887697,6.626462143088148,0.22791803032887695,,5.994188043974963,0.6322740991131853,4.0,,,True,ANCOVA on pre; all 27 countries
geiger2026_Veckalov2024_27c,CORRECT_consensus_classic,agreement_perception,100,C1,1,0,0,3488,3512,4.5345505406345215,0.2229502724912516,4.5345505406345215,0.22295027249125157,,3.902276441521336,0.6322740991131853,4.0,,,True,ANCOVA on pre; all 27 countries
geiger2026_Veckalov2024_27c,CORRECT_consensus_classic,belief_climate_change,6,C2,1,0,0,3488,3512,0.054394108796052054,0.024564576014401998,0.9065684799342009,0.40940960024003326,,0.27429438082101554,0.6322740991131853,4.0,,,True,post-difference (no pre-measure); all 27 countries
geiger2026_Veckalov2024_27c,CORRECT_consensus_classic,belief_human_causation,6,C2,1,0,0,3443,3464,0.11168718335358135,0.029049687493601657,1.8614530558930227,0.4841614582266943,,1.2291789567798372,0.6322740991131853,4.0,,,True,post-difference (no pre-measure); all 27 countries
geiger2026_Veckalov2024_27c,CORRECT_consensus_classic,belief_crisis,6,C3,1,0,1,3488,3512,0.0691129756953856,0.029878958538755107,1.1518829282564267,0.4979826423125851,,,0.6322740991131853,4.0,,,True,post-difference (no pre-measure); all 27 countries
geiger2026_Veckalov2024_27c,CORRECT_consensus_classic,climate_worry,6,C3,1,0,1,3488,3512,0.06273053332218564,0.03629280393188999,1.045508888703094,0.6048800655314998,,,0.6322740991131853,4.0,,,True,post-difference (no pre-measure); all 27 countries
geiger2026_Veckalov2024_27c,CORRECT_consensus_classic,climate_action_support,6,C3,1,0,1,3488,3512,0.022665409291339755,0.029139114431017705,0.37775682152232926,0.48565190718362844,,,0.6322740991131853,4.0,,,True,post-difference (no pre-measure); all 27 countries
geiger2026_Veckalov2024_27c,CORRECT_consensus_classic,scientist_trust,6,C3,1,0,1,3488,3512,-0.0027631345217465353,0.031820810258480214,-0.04605224202910892,0.5303468376413368,,,0.6322740991131853,4.0,,,True,post-difference (no pre-measure); all 27 countries
geiger2026_Veckalov2024_27c,CORRECT_consensus_updated,consensus_perception,100,C1,1,0,0,3527,3512,6.345220419949606,0.23054328350467454,6.345220419949606,0.23054328350467454,,5.557169678828786,0.7880507411208201,4.0,,,True,ANCOVA on pre; all 27 countries
geiger2026_Veckalov2024_27c,CORRECT_consensus_updated,agreement_perception,100,C1,1,0,0,3527,3512,3.14713414897684,0.23442561056471575,3.14713414897684,0.23442561056471575,,2.35908340785602,0.7880507411208201,4.0,,,True,ANCOVA on pre; all 27 countries
geiger2026_Veckalov2024_27c,CORRECT_consensus_updated,belief_climate_change,6,C2,1,0,0,3527,3512,0.07560840454340803,0.02380847793387721,1.260140075723467,0.39680796556462017,,0.472089334602647,0.7880507411208201,4.0,,,True,post-difference (no pre-measure); all 27 countries
geiger2026_Veckalov2024_27c,CORRECT_consensus_updated,belief_human_causation,6,C2,1,0,0,3490,3464,0.11685068523064977,0.0293199372062018,1.9475114205108297,0.4886656201033633,,1.1594606793900097,0.7880507411208201,4.0,,,True,post-difference (no pre-measure); all 27 countries
geiger2026_Veckalov2024_27c,CORRECT_consensus_updated,belief_crisis,6,C3,1,0,1,3527,3512,0.05258256676610456,0.02955475579806793,0.8763761127684092,0.4925792633011321,,,0.7880507411208201,4.0,,,True,post-difference (no pre-measure); all 27 countries
geiger2026_Veckalov2024_27c,CORRECT_consensus_updated,climate_worry,6,C3,1,0,1,3527,3512,0.054790881020025044,0.03613269684210038,0.9131813503337508,0.6022116140350063,,,0.7880507411208201,4.0,,,True,post-difference (no pre-measure); all 27 countries
geiger2026_Veckalov2024_27c,CORRECT_consensus_updated,climate_action_support,6,C3,1,0,1,3527,3512,0.03908120435068691,0.02862429344935785,0.6513534058447819,0.4770715574892975,,,0.7880507411208201,4.0,,,True,post-difference (no pre-measure); all 27 countries
geiger2026_Veckalov2024_27c,CORRECT_consensus_updated,scientist_trust,6,C3,1,0,1,3527,3512,0.0426775257321803,0.031203651250681724,0.7112920955363384,0.5200608541780287,,,0.7880507411208201,4.0,,,True,post-difference (no pre-measure); all 27 countries
vlasceanu2024_63c,CORRECT_SciConsens,PerceivedSciConsensu_1,100,C1,0,0,0,5075,4878,8.371568417162035,0.4178635989498107,8.371568417162035,0.4178635989498107,7.821711012383181,7.452228792513856,0.9193396246481784,12.0,0.5498574047788534,9.0,True,post-difference (no pre-measures); all 63 countries; 0-100 slider
vlasceanu2024_63c,CORRECT_SciConsens,Belief.in.CC_1,100,C2,0,0,0,5279,5080,1.9197994430465186,0.5121946560025228,1.9197994430465188,0.5121946560025228,0.575576178840155,1.0004598183983404,0.9193396246481784,12.0,1.3442232642063638,9.0,True,post-difference (no pre-measures); all 63 countries; 0-100 slider
vlasceanu2024_63c,CORRECT_SciConsens,Belief.in.CC_2,100,C3,0,0,1,5277,5079,1.016940973886029,0.5176867600112293,1.016940973886029,0.5176867600112293,-0.3722419153532406,,0.9193396246481784,12.0,1.3891828892392697,9.0,True,post-difference (no pre-measures); all 63 countries; 0-100 slider
vlasceanu2024_63c,CORRECT_SciConsens,Belief.in.CC_4,100,C3,0,0,1,5276,5081,1.35531046030799,0.520593448145659,1.35531046030799,0.520593448145659,-0.027701516929865333,,0.9193396246481784,12.0,1.3830119772378553,9.0,True,post-difference (no pre-measures); all 63 countries; 0-100 slider
vlasceanu2024_63c,CORRECT_SciConsens,Belief.in.CC_5,100,C3,0,0,1,5277,5079,0.5718756775409882,0.5318690700164956,0.5718756775409882,0.5318690700164956,-0.8997016088701152,,0.9193396246481784,12.0,1.4715772864111034,9.0,True,post-difference (no pre-measures); all 63 countries; 0-100 slider
vlasceanu2024_63c,CORRECT_SciConsens,CC_policy_1,100,C3,0,0,1,5004,4810,0.09195429519169543,0.6386216653801238,0.09195429519169543,0.6386216653801238,-1.3509785807044299,,0.9193396246481784,12.0,1.4429328758961253,9.0,True,post-difference (no pre-measures); all 63 countries; 0-100 slider
vlasceanu2024_63c,CORRECT_SciConsens,CC_policy_2,100,C3,0,0,1,5104,4910,0.8328372300149054,0.5363740337303515,0.8328372300149054,0.5363740337303515,-0.2707107414248142,,0.9193396246481784,12.0,1.1035479714397196,9.0,True,post-difference (no pre-measures); all 63 countries; 0-100 slider
vlasceanu2024_63c,CORRECT_SciConsens,CC_policy_3,100,C3,0,0,1,5042,4851,1.6967804394846198,0.5734969197907186,1.6967804394846198,0.5734969197907186,0.2562578870369865,,0.9193396246481784,12.0,1.4405225524476333,9.0,True,post-difference (no pre-measures); all 63 countries; 0-100 slider
vlasceanu2024_63c,CORRECT_SciConsens,CC_policy_5,100,C3,0,0,1,5188,4995,1.5841552809555792,0.4828391191186934,1.5841552809555792,0.48283911911869337,0.5690337967734242,,0.9193396246481784,12.0,1.015121484182155,9.0,True,post-difference (no pre-measures); all 63 countries; 0-100 slider
vlasceanu2024_63c,CORRECT_SciConsens,CC_policy_6,100,C3,0,0,1,5023,4835,0.7308234448321427,0.6106976258488316,0.7308234448321427,0.6106976258488316,-0.972805269171422,,0.9193396246481784,12.0,1.7036287140035646,9.0,True,post-difference (no pre-measures); all 63 countries; 0-100 slider
vlasceanu2024_63c,CORRECT_SciConsens,CC_policy_7,100,C3,0,0,1,5194,4989,0.5271068819636067,0.4498749305167617,0.5271068819636067,0.44987493051676164,-0.019664360197514497,,0.9193396246481784,12.0,0.5467712421611212,9.0,True,post-difference (no pre-measures); all 63 countries; 0-100 slider
vlasceanu2024_63c,CORRECT_SciConsens,CC_policy_8,100,C3,0,0,1,5151,4972,0.9356778077599188,0.5206651671765029,0.9356778077599189,0.5206651671765029,-0.3213107420178626,,0.9193396246481784,12.0,1.2569885497777815,9.0,True,post-difference (no pre-measures); all 63 countries; 0-100 slider
vlasceanu2024_63c,CORRECT_SciConsens,CC_policy_9,100,C3,0,0,1,5164,4983,0.6574859945970339,0.4575286792497635,0.6574859945970339,0.4575286792497635,-0.16141653350602103,,0.9193396246481784,12.0,0.818902528103055,9.0,True,post-difference (no pre-measures); all 63 countries; 0-100 slider
vlasceanu2024_63c,CORRECT_SciConsens,CC_policy_10,100,C3,0,0,1,4886,4690,1.031127009243631,0.6620046198041788,1.031127009243631,0.6620046198041788,-1.6884879677454505,,0.9193396246481784,12.0,2.7196149769890816,9.0,True,post-difference (no pre-measures); all 63 countries; 0-100 slider
vlasceanu2024_63c,CORRECT_PluralIgnorance,Belief.in.CC_5,100,C2n,1,1,0,5162,5079,1.0123292200206637,0.5188763772854295,1.0123292200206637,0.5188763772854295,-0.4592480663904397,0.6140108842087608,0.39831833581190285,13.0,1.4715772864111034,9.0,True,post-difference (no pre-measures); all 63 countries; 0-100 slider
vlasceanu2024_63c,CORRECT_PluralIgnorance,Belief.in.CC_1,100,C3,1,1,1,5165,5080,0.825307376268234,0.5099448771480757,0.825307376268234,0.5099448771480757,-0.5189158879381298,,0.39831833581190285,13.0,1.3442232642063638,9.0,True,post-difference (no pre-measures); all 63 countries; 0-100 slider
vlasceanu2024_63c,CORRECT_PluralIgnorance,Belief.in.CC_2,100,C3,1,1,1,5166,5079,0.22774941064739015,0.5138073900005756,0.22774941064739015,0.5138073900005756,-1.1614334785918796,,0.39831833581190285,13.0,1.3891828892392697,9.0,True,post-difference (no pre-measures); all 63 countries; 0-100 slider
vlasceanu2024_63c,CORRECT_PluralIgnorance,Belief.in.CC_4,100,C3,1,1,1,5163,5081,0.6314413455344828,0.5161805634581387,0.6314413455344828,0.5161805634581387,-0.7515706317033725,,0.39831833581190285,13.0,1.3830119772378553,9.0,True,post-difference (no pre-measures); all 63 countries; 0-100 slider
vlasceanu2024_63c,CORRECT_PluralIgnorance,PerceivedSciConsensu_1,100,C3,1,1,1,4968,4878,1.3404549262884113,0.40783939853796075,1.3404549262884113,0.40783939853796075,0.790597521509558,,0.39831833581190285,13.0,0.5498574047788534,9.0,True,post-difference (no pre-measures); all 63 countries; 0-100 slider
vlasceanu2024_63c,CORRECT_PluralIgnorance,CC_policy_1,100,C3,1,1,1,4892,4810,-0.22232445351822144,0.6339583037682418,-0.22232445351822147,0.6339583037682418,-1.6652573294143467,,0.39831833581190285,13.0,1.4429328758961253,9.0,True,post-difference (no pre-measures); all 63 countries; 0-100 slider
vlasceanu2024_63c,CORRECT_PluralIgnorance,CC_policy_2,100,C3,1,1,1,5023,4910,1.0105499630417214,0.5297708690750237,1.0105499630417214,0.5297708690750237,-0.09299800839799821,,0.39831833581190285,13.0,1.1035479714397196,9.0,True,post-difference (no pre-measures); all 63 countries; 0-100 slider
vlasceanu2024_63c,CORRECT_PluralIgnorance,CC_policy_3,100,C3,1,1,1,4951,4851,0.11276446091919523,0.5751834171621305,0.11276446091919522,0.5751834171621305,-1.3277580915284382,,0.39831833581190285,13.0,1.4405225524476333,9.0,True,post-difference (no pre-measures); all 63 countries; 0-100 slider
vlasceanu2024_63c,CORRECT_PluralIgnorance,CC_policy_5,100,C3,1,1,1,5103,4995,0.31110475554922923,0.4867429784739112,0.31110475554922923,0.4867429784739112,-0.7040167286329257,,0.39831833581190285,13.0,1.015121484182155,9.0,True,post-difference (no pre-measures); all 63 countries; 0-100 slider
vlasceanu2024_63c,CORRECT_PluralIgnorance,CC_policy_6,100,C3,1,1,1,4932,4835,0.1487504937889339,0.607823692504769,0.1487504937889339,0.607823692504769,-1.5548782202146307,,0.39831833581190285,13.0,1.7036287140035646,9.0,True,post-difference (no pre-measures); all 63 countries; 0-100 slider
vlasceanu2024_63c,CORRECT_PluralIgnorance,CC_policy_7,100,C3,1,1,1,5097,4989,0.04677707082704273,0.44257197720492425,0.04677707082704273,0.4425719772049242,-0.4999941713340784,,0.39831833581190285,13.0,0.5467712421611212,9.0,True,post-difference (no pre-measures); all 63 countries; 0-100 slider
vlasceanu2024_63c,CORRECT_PluralIgnorance,CC_policy_8,100,C3,1,1,1,5048,4972,0.16336842897083512,0.519134795949748,0.16336842897083512,0.519134795949748,-1.0936201208069465,,0.39831833581190285,13.0,1.2569885497777815,9.0,True,post-difference (no pre-measures); all 63 countries; 0-100 slider
vlasceanu2024_63c,CORRECT_PluralIgnorance,CC_policy_9,100,C3,1,1,1,5087,4983,0.3112763857109948,0.45367849648511954,0.3112763857109948,0.4536784964851196,-0.5076261423920602,,0.39831833581190285,13.0,0.818902528103055,9.0,True,post-difference (no pre-measures); all 63 countries; 0-100 slider
vlasceanu2024_63c,CORRECT_PluralIgnorance,CC_policy_10,100,C3,1,1,1,4776,4690,0.2709182015264882,0.6573522854921837,0.2709182015264882,0.6573522854921837,-2.4486967754625932,,0.39831833581190285,13.0,2.7196149769890816,9.0,True,post-difference (no pre-measures); all 63 countries; 0-100 slider
voelkel2026_CCC,CORRECT_Consensus Framing 1,Check_Consensus_1,100,C1,0,0,0,1004,3009,4.151875052134434,1.073291992947677,4.151875052134434,1.073291992947677,3.3435539319110106,3.6609225908793097,0.4909524612551243,7.0,0.8083211202234236,8.0,True,"post-difference (manip check, post only); 0-100 strength-of-consensus rating, not a % estimate"
voelkel2026_CCC,CORRECT_Consensus Framing 1,Belief_Post,100,C2,0,0,0,1039,3107,1.5168684519584044,0.3848846237514088,1.5168684519584044,0.3848846237514088,0.6536719119079577,1.02591599070328,0.4909524612551243,7.0,0.8631965400504467,8.0,True,ANCOVA on matching pre composite; 0-100 sliders
voelkel2026_CCC,CORRECT_Consensus Framing 1,Concern_Post,100,C3,0,0,1,1042,3115,0.2774937820426401,0.36455128783006113,0.2774937820426401,0.36455128783006113,-1.0476844300130712,,0.4909524612551243,7.0,1.3251782120557112,8.0,True,ANCOVA on matching pre composite; 0-100 sliders
voelkel2026_CCC,CORRECT_Consensus Framing 1,Policies_Post,100,C3,0,0,1,1043,3115,-0.4663269852560155,0.4628433971444114,-0.46632698525601557,0.46284339714441136,-1.2755826607342247,,0.4909524612551243,7.0,0.8092556754782092,8.0,True,ANCOVA on matching pre composite; 0-100 sliders
voelkel2026_CCC,CORRECT_Consensus Framing 1,Intent_Post,100,C3,0,0,1,1039,3099,0.9243889670310984,0.45920818805697283,0.9243889670310984,0.4592081880569729,-1.0644949306220135,,0.4909524612551243,7.0,1.988883897653112,8.0,True,ANCOVA on matching pre composite; 0-100 sliders
voelkel2026_CCC,CORRECT_Consensus Framing 1,PoliciesSp_Post,100,C3,0,0,1,1020,3045,0.938195793743424,0.42122510907455074,0.938195793743424,0.42122510907455074,-0.3720825020609162,,0.4909524612551243,7.0,1.3102782958043402,8.0,True,ANCOVA on matching pre composite; 0-100 sliders
voelkel2026_CCC,CORRECT_Consensus Framing 1,Candidate_Post,100,C3,0,0,1,1009,3048,0.8830774045587616,0.4670353069138913,0.8830774045587617,0.4670353069138913,-0.3310363375424854,,0.4909524612551243,7.0,1.2141137421012471,8.0,True,ANCOVA on matching pre composite; 0-100 sliders
voelkel2026_CCC,CORRECT_Consensus Framing 1,Companies_Post,100,C3,0,0,1,1020,3056,-0.0009324956500865324,0.43084123005054475,-0.0009324956500865324,0.4308412300505448,-0.8072803302914499,,0.4909524612551243,7.0,0.8063478346413633,8.0,True,ANCOVA on matching pre composite; 0-100 sliders
voelkel2026_CCC,CORRECT_Consensus Framing 1,IntentNp_Post,100,C3,0,0,1,1022,3040,0.8807707623160483,0.35818295995095106,0.8807707623160483,0.35818295995095106,-0.2986590953260082,,0.4909524612551243,7.0,1.1794298576420565,8.0,True,ANCOVA on matching pre composite; 0-100 sliders
voelkel2026_CCC,CORRECT_Consensus Framing 2,Check_Consensus_1,100,C1,0,0,0,1005,3009,5.9114080643641405,1.0357618698998885,5.9114080643641405,1.0357618698998885,5.103086944140717,4.336054552576432,1.5753535117877087,7.0,0.8083211202234236,8.0,True,"post-difference (manip check, post only); 0-100 strength-of-consensus rating, not a % estimate"
voelkel2026_CCC,CORRECT_Consensus Framing 2,Belief_Post,100,C2,0,0,0,1030,3107,3.11709250581367,0.37823215135560917,3.11709250581367,0.37823215135560917,2.253895965763223,1.5417389940259614,1.5753535117877087,7.0,0.8631965400504467,8.0,True,ANCOVA on matching pre composite; 0-100 sliders
voelkel2026_CCC,CORRECT_Consensus Framing 2,Concern_Post,100,C3,0,0,1,1030,3115,1.301407485874535,0.3595887045380543,1.301407485874535,0.3595887045380543,-0.02377072618117615,,1.5753535117877087,7.0,1.3251782120557112,8.0,True,ANCOVA on matching pre composite; 0-100 sliders
voelkel2026_CCC,CORRECT_Consensus Framing 2,Policies_Post,100,C3,0,0,1,1031,3115,1.5981792343055405,0.48088003699030024,1.5981792343055405,0.48088003699030024,0.7889235588273313,,1.5753535117877087,7.0,0.8092556754782092,8.0,True,ANCOVA on matching pre composite; 0-100 sliders
voelkel2026_CCC,CORRECT_Consensus Framing 2,Intent_Post,100,C3,0,0,1,1031,3099,1.6145227062400016,0.4545811014094726,1.6145227062400018,0.45458110140947255,-0.3743611914131102,,1.5753535117877087,7.0,1.988883897653112,8.0,True,ANCOVA on matching pre composite; 0-100 sliders
voelkel2026_CCC,CORRECT_Consensus Framing 2,PoliciesSp_Post,100,C3,0,0,1,1018,3045,1.9969930618176541,0.4459050468654761,1.9969930618176541,0.4459050468654761,0.6867147660133139,,1.5753535117877087,7.0,1.3102782958043402,8.0,True,ANCOVA on matching pre composite; 0-100 sliders
voelkel2026_CCC,CORRECT_Consensus Framing 2,Candidate_Post,100,C3,0,0,1,1012,3048,1.9202688697133685,0.48881428609055977,1.9202688697133687,0.48881428609055977,0.7061551276121216,,1.5753535117877087,7.0,1.2141137421012471,8.0,True,ANCOVA on matching pre composite; 0-100 sliders
voelkel2026_CCC,CORRECT_Consensus Framing 2,Companies_Post,100,C3,0,0,1,1020,3056,1.2275943700637528,0.4145063466191663,1.2275943700637528,0.41450634661916624,0.42124653542238955,,1.5753535117877087,7.0,0.8063478346413633,8.0,True,ANCOVA on matching pre composite; 0-100 sliders
voelkel2026_CCC,CORRECT_Consensus Framing 2,IntentNp_Post,100,C3,0,0,1,1014,3040,1.3685088544991073,0.3618402628280263,1.3685088544991073,0.3618402628280263,0.18907899685705076,,1.5753535117877087,7.0,1.1794298576420565,8.0,True,ANCOVA on matching pre composite; 0-100 sliders
gligoric2025_main,CORRECT_Norms,trust_all35,6,C2n,0,0,0,1116,1138,0.04746249629923624,0.050035209056902126,0.7910416049872706,0.8339201509483687,0.6302108676402053,,,,0.16083073734706535,4.0,True,"conservatives only (Ideology>5, the randomised stratum); post-only difference; 1-7, 2 items x 35 occupations"
gligoric2025_main,CORRECT_Norms,trust_climate3,6,C2n,0,0,0,372,372,0.017473118279571487,0.1216119747128098,0.2912186379928581,2.0268662452134967,-0.049452327117763706,,,,0.3406709651106218,4.0,False,"conservatives only (Ideology>5, the randomised stratum); post-only difference; 1-7, 2 items x 35 occupations"
