study,sample,outcome,recipient,recipient_relation,recipient_is_message_subject,cost_type,stake,position,arm,n_t,n_c,ctrl_level_pp,ate_pp,se_pp,ate_pct_of_level,direct_pp,matched_att_ate_pp,note
voelkel2026,"US n=13,173",Donation_1,The Nature Conservancy,aligned_cause,0,money_certain,"$1 of own pay (certain, everyone paid)",strictly LAST item of the survey,POOLED,10127,3046,13.757,-0.244,0.426,-1.776,-0.32,1.401,"5-recipient menu, remainder kept; 0-100 cents each; total 0-100"
voelkel2026,"US n=13,173",Donation_1,The Nature Conservancy,aligned_cause,0,money_certain,"$1 of own pay (certain, everyone paid)",strictly LAST item of the survey,Purity Framing,1002,3046,13.757,0.546,0.772,3.969,,1.128,"5-recipient menu, remainder kept; 0-100 cents each; total 0-100"
voelkel2026,"US n=13,173",Donation_1,The Nature Conservancy,aligned_cause,0,money_certain,"$1 of own pay (certain, everyone paid)",strictly LAST item of the survey,Consensus Framing 2,1016,3046,13.757,-1.252,0.711,-9.104,,1.738,"5-recipient menu, remainder kept; 0-100 cents each; total 0-100"
voelkel2026,"US n=13,173",Donation_1,The Nature Conservancy,aligned_cause,0,money_certain,"$1 of own pay (certain, everyone paid)",strictly LAST item of the survey,Consensus Framing 1,1020,3046,13.757,-0.585,0.718,-4.251,,0.805,"5-recipient menu, remainder kept; 0-100 cents each; total 0-100"
voelkel2026,"US n=13,173",Donation_1,The Nature Conservancy,aligned_cause,0,money_certain,"$1 of own pay (certain, everyone paid)",strictly LAST item of the survey,High Social Distance Framing,1016,3046,13.757,-0.516,0.752,-3.752,,1.344,"5-recipient menu, remainder kept; 0-100 cents each; total 0-100"
voelkel2026,"US n=13,173",Donation_1,The Nature Conservancy,aligned_cause,0,money_certain,"$1 of own pay (certain, everyone paid)",strictly LAST item of the survey,System Preservation Framing,1014,3046,13.757,0.967,0.793,7.03,,2.554,"5-recipient menu, remainder kept; 0-100 cents each; total 0-100"
voelkel2026,"US n=13,173",Donation_1,The Nature Conservancy,aligned_cause,0,money_certain,"$1 of own pay (certain, everyone paid)",strictly LAST item of the survey,Binding Framing,1029,3046,13.757,0.312,0.743,2.265,,0.172,"5-recipient menu, remainder kept; 0-100 cents each; total 0-100"
voelkel2026,"US n=13,173",Donation_1,The Nature Conservancy,aligned_cause,0,money_certain,"$1 of own pay (certain, everyone paid)",strictly LAST item of the survey,Free Market Framing,1017,3046,13.757,-0.735,0.718,-5.341,,1.85,"5-recipient menu, remainder kept; 0-100 cents each; total 0-100"
voelkel2026,"US n=13,173",Donation_1,The Nature Conservancy,aligned_cause,0,money_certain,"$1 of own pay (certain, everyone paid)",strictly LAST item of the survey,Gains Framing,990,3046,13.757,-0.371,0.741,-2.695,,2.795,"5-recipient menu, remainder kept; 0-100 cents each; total 0-100"
voelkel2026,"US n=13,173",Donation_1,The Nature Conservancy,aligned_cause,0,money_certain,"$1 of own pay (certain, everyone paid)",strictly LAST item of the survey,Warmth Framing,994,3046,13.757,-0.668,0.748,-4.854,,-0.35,"5-recipient menu, remainder kept; 0-100 cents each; total 0-100"
voelkel2026,"US n=13,173",Donation_1,The Nature Conservancy,aligned_cause,0,money_certain,"$1 of own pay (certain, everyone paid)",strictly LAST item of the survey,Dire But Solvable Framing,1029,3046,13.757,-0.147,0.743,-1.071,,1.977,"5-recipient menu, remainder kept; 0-100 cents each; total 0-100"
voelkel2026,"US n=13,173",Donation_2,World Wildlife Fund,aligned_cause_generic_brand,0,money_certain,"$1 of own pay (certain, everyone paid)",strictly LAST item of the survey,POOLED,10127,3046,21.663,-1.348,0.6,-6.221,-1.217,1.401,"5-recipient menu, remainder kept; 0-100 cents each; total 0-100"
voelkel2026,"US n=13,173",Donation_2,World Wildlife Fund,aligned_cause_generic_brand,0,money_certain,"$1 of own pay (certain, everyone paid)",strictly LAST item of the survey,Purity Framing,1002,3046,21.663,-0.013,1.101,-0.062,,1.128,"5-recipient menu, remainder kept; 0-100 cents each; total 0-100"
voelkel2026,"US n=13,173",Donation_2,World Wildlife Fund,aligned_cause_generic_brand,0,money_certain,"$1 of own pay (certain, everyone paid)",strictly LAST item of the survey,Consensus Framing 2,1016,3046,21.663,-1.881,1.031,-8.681,,1.738,"5-recipient menu, remainder kept; 0-100 cents each; total 0-100"
voelkel2026,"US n=13,173",Donation_2,World Wildlife Fund,aligned_cause_generic_brand,0,money_certain,"$1 of own pay (certain, everyone paid)",strictly LAST item of the survey,Consensus Framing 1,1020,3046,21.663,-1.013,1.04,-4.677,,0.805,"5-recipient menu, remainder kept; 0-100 cents each; total 0-100"
voelkel2026,"US n=13,173",Donation_2,World Wildlife Fund,aligned_cause_generic_brand,0,money_certain,"$1 of own pay (certain, everyone paid)",strictly LAST item of the survey,High Social Distance Framing,1016,3046,21.663,-1.564,1.036,-7.221,,1.344,"5-recipient menu, remainder kept; 0-100 cents each; total 0-100"
voelkel2026,"US n=13,173",Donation_2,World Wildlife Fund,aligned_cause_generic_brand,0,money_certain,"$1 of own pay (certain, everyone paid)",strictly LAST item of the survey,System Preservation Framing,1014,3046,21.663,-3.302,0.962,-15.244,,2.554,"5-recipient menu, remainder kept; 0-100 cents each; total 0-100"
voelkel2026,"US n=13,173",Donation_2,World Wildlife Fund,aligned_cause_generic_brand,0,money_certain,"$1 of own pay (certain, everyone paid)",strictly LAST item of the survey,Binding Framing,1029,3046,21.663,-1.308,1.018,-6.04,,0.172,"5-recipient menu, remainder kept; 0-100 cents each; total 0-100"
voelkel2026,"US n=13,173",Donation_2,World Wildlife Fund,aligned_cause_generic_brand,0,money_certain,"$1 of own pay (certain, everyone paid)",strictly LAST item of the survey,Free Market Framing,1017,3046,21.663,-0.516,1.062,-2.38,,1.85,"5-recipient menu, remainder kept; 0-100 cents each; total 0-100"
voelkel2026,"US n=13,173",Donation_2,World Wildlife Fund,aligned_cause_generic_brand,0,money_certain,"$1 of own pay (certain, everyone paid)",strictly LAST item of the survey,Gains Framing,990,3046,21.663,-1.871,1.022,-8.637,,2.795,"5-recipient menu, remainder kept; 0-100 cents each; total 0-100"
voelkel2026,"US n=13,173",Donation_2,World Wildlife Fund,aligned_cause_generic_brand,0,money_certain,"$1 of own pay (certain, everyone paid)",strictly LAST item of the survey,Warmth Framing,994,3046,21.663,-0.599,1.084,-2.764,,-0.35,"5-recipient menu, remainder kept; 0-100 cents each; total 0-100"
voelkel2026,"US n=13,173",Donation_2,World Wildlife Fund,aligned_cause_generic_brand,0,money_certain,"$1 of own pay (certain, everyone paid)",strictly LAST item of the survey,Dire But Solvable Framing,1029,3046,21.663,-1.393,1.03,-6.432,,1.977,"5-recipient menu, remainder kept; 0-100 cents each; total 0-100"
voelkel2026,"US n=13,173",Donation_3,Environmental Defense Fund,aligned_cause,0,money_certain,"$1 of own pay (certain, everyone paid)",strictly LAST item of the survey,POOLED,10127,3046,9.267,0.203,0.312,2.191,0.01,1.401,"5-recipient menu, remainder kept; 0-100 cents each; total 0-100"
voelkel2026,"US n=13,173",Donation_3,Environmental Defense Fund,aligned_cause,0,money_certain,"$1 of own pay (certain, everyone paid)",strictly LAST item of the survey,Purity Framing,1002,3046,9.267,0.237,0.579,2.562,,1.128,"5-recipient menu, remainder kept; 0-100 cents each; total 0-100"
voelkel2026,"US n=13,173",Donation_3,Environmental Defense Fund,aligned_cause,0,money_certain,"$1 of own pay (certain, everyone paid)",strictly LAST item of the survey,Consensus Framing 2,1016,3046,9.267,0.219,0.566,2.36,,1.738,"5-recipient menu, remainder kept; 0-100 cents each; total 0-100"
voelkel2026,"US n=13,173",Donation_3,Environmental Defense Fund,aligned_cause,0,money_certain,"$1 of own pay (certain, everyone paid)",strictly LAST item of the survey,Consensus Framing 1,1020,3046,9.267,-0.194,0.541,-2.094,,0.805,"5-recipient menu, remainder kept; 0-100 cents each; total 0-100"
voelkel2026,"US n=13,173",Donation_3,Environmental Defense Fund,aligned_cause,0,money_certain,"$1 of own pay (certain, everyone paid)",strictly LAST item of the survey,High Social Distance Framing,1016,3046,9.267,0.011,0.556,0.124,,1.344,"5-recipient menu, remainder kept; 0-100 cents each; total 0-100"
voelkel2026,"US n=13,173",Donation_3,Environmental Defense Fund,aligned_cause,0,money_certain,"$1 of own pay (certain, everyone paid)",strictly LAST item of the survey,System Preservation Framing,1014,3046,9.267,0.259,0.546,2.792,,2.554,"5-recipient menu, remainder kept; 0-100 cents each; total 0-100"
voelkel2026,"US n=13,173",Donation_3,Environmental Defense Fund,aligned_cause,0,money_certain,"$1 of own pay (certain, everyone paid)",strictly LAST item of the survey,Binding Framing,1029,3046,9.267,-0.354,0.516,-3.821,,0.172,"5-recipient menu, remainder kept; 0-100 cents each; total 0-100"
voelkel2026,"US n=13,173",Donation_3,Environmental Defense Fund,aligned_cause,0,money_certain,"$1 of own pay (certain, everyone paid)",strictly LAST item of the survey,Free Market Framing,1017,3046,9.267,0.27,0.576,2.917,,1.85,"5-recipient menu, remainder kept; 0-100 cents each; total 0-100"
voelkel2026,"US n=13,173",Donation_3,Environmental Defense Fund,aligned_cause,0,money_certain,"$1 of own pay (certain, everyone paid)",strictly LAST item of the survey,Gains Framing,990,3046,9.267,0.623,0.588,6.722,,2.795,"5-recipient menu, remainder kept; 0-100 cents each; total 0-100"
voelkel2026,"US n=13,173",Donation_3,Environmental Defense Fund,aligned_cause,0,money_certain,"$1 of own pay (certain, everyone paid)",strictly LAST item of the survey,Warmth Framing,994,3046,9.267,0.342,0.583,3.693,,-0.35,"5-recipient menu, remainder kept; 0-100 cents each; total 0-100"
voelkel2026,"US n=13,173",Donation_3,Environmental Defense Fund,aligned_cause,0,money_certain,"$1 of own pay (certain, everyone paid)",strictly LAST item of the survey,Dire But Solvable Framing,1029,3046,9.267,0.634,0.564,6.842,,1.977,"5-recipient menu, remainder kept; 0-100 cents each; total 0-100"
voelkel2026,"US n=13,173",Donation_4,Natural Resources Defense Council,aligned_cause,0,money_certain,"$1 of own pay (certain, everyone paid)",strictly LAST item of the survey,POOLED,10127,3046,8.402,-0.153,0.284,-1.817,-0.347,1.401,"5-recipient menu, remainder kept; 0-100 cents each; total 0-100"
voelkel2026,"US n=13,173",Donation_4,Natural Resources Defense Council,aligned_cause,0,money_certain,"$1 of own pay (certain, everyone paid)",strictly LAST item of the survey,Purity Framing,1002,3046,8.402,-0.594,0.475,-7.075,,1.128,"5-recipient menu, remainder kept; 0-100 cents each; total 0-100"
voelkel2026,"US n=13,173",Donation_4,Natural Resources Defense Council,aligned_cause,0,money_certain,"$1 of own pay (certain, everyone paid)",strictly LAST item of the survey,Consensus Framing 2,1016,3046,8.402,-0.736,0.477,-8.76,,1.738,"5-recipient menu, remainder kept; 0-100 cents each; total 0-100"
voelkel2026,"US n=13,173",Donation_4,Natural Resources Defense Council,aligned_cause,0,money_certain,"$1 of own pay (certain, everyone paid)",strictly LAST item of the survey,Consensus Framing 1,1020,3046,8.402,0.493,0.533,5.871,,0.805,"5-recipient menu, remainder kept; 0-100 cents each; total 0-100"
voelkel2026,"US n=13,173",Donation_4,Natural Resources Defense Council,aligned_cause,0,money_certain,"$1 of own pay (certain, everyone paid)",strictly LAST item of the survey,High Social Distance Framing,1016,3046,8.402,0.187,0.536,2.223,,1.344,"5-recipient menu, remainder kept; 0-100 cents each; total 0-100"
voelkel2026,"US n=13,173",Donation_4,Natural Resources Defense Council,aligned_cause,0,money_certain,"$1 of own pay (certain, everyone paid)",strictly LAST item of the survey,System Preservation Framing,1014,3046,8.402,-0.196,0.485,-2.328,,2.554,"5-recipient menu, remainder kept; 0-100 cents each; total 0-100"
voelkel2026,"US n=13,173",Donation_4,Natural Resources Defense Council,aligned_cause,0,money_certain,"$1 of own pay (certain, everyone paid)",strictly LAST item of the survey,Binding Framing,1029,3046,8.402,0.392,0.508,4.667,,0.172,"5-recipient menu, remainder kept; 0-100 cents each; total 0-100"
voelkel2026,"US n=13,173",Donation_4,Natural Resources Defense Council,aligned_cause,0,money_certain,"$1 of own pay (certain, everyone paid)",strictly LAST item of the survey,Free Market Framing,1017,3046,8.402,-0.189,0.496,-2.255,,1.85,"5-recipient menu, remainder kept; 0-100 cents each; total 0-100"
voelkel2026,"US n=13,173",Donation_4,Natural Resources Defense Council,aligned_cause,0,money_certain,"$1 of own pay (certain, everyone paid)",strictly LAST item of the survey,Gains Framing,990,3046,8.402,-0.629,0.483,-7.485,,2.795,"5-recipient menu, remainder kept; 0-100 cents each; total 0-100"
voelkel2026,"US n=13,173",Donation_4,Natural Resources Defense Council,aligned_cause,0,money_certain,"$1 of own pay (certain, everyone paid)",strictly LAST item of the survey,Warmth Framing,994,3046,8.402,-0.05,0.499,-0.591,,-0.35,"5-recipient menu, remainder kept; 0-100 cents each; total 0-100"
voelkel2026,"US n=13,173",Donation_4,Natural Resources Defense Council,aligned_cause,0,money_certain,"$1 of own pay (certain, everyone paid)",strictly LAST item of the survey,Dire But Solvable Framing,1029,3046,8.402,-0.229,0.459,-2.727,,1.977,"5-recipient menu, remainder kept; 0-100 cents each; total 0-100"
voelkel2026,"US n=13,173",Donation_5,Sierra Club,aligned_cause,0,money_certain,"$1 of own pay (certain, everyone paid)",strictly LAST item of the survey,POOLED,10127,3046,8.452,0.157,0.315,1.854,0.026,1.401,"5-recipient menu, remainder kept; 0-100 cents each; total 0-100"
voelkel2026,"US n=13,173",Donation_5,Sierra Club,aligned_cause,0,money_certain,"$1 of own pay (certain, everyone paid)",strictly LAST item of the survey,Purity Framing,1002,3046,8.452,0.358,0.599,4.239,,1.128,"5-recipient menu, remainder kept; 0-100 cents each; total 0-100"
voelkel2026,"US n=13,173",Donation_5,Sierra Club,aligned_cause,0,money_certain,"$1 of own pay (certain, everyone paid)",strictly LAST item of the survey,Consensus Framing 2,1016,3046,8.452,-0.296,0.55,-3.503,,1.738,"5-recipient menu, remainder kept; 0-100 cents each; total 0-100"
voelkel2026,"US n=13,173",Donation_5,Sierra Club,aligned_cause,0,money_certain,"$1 of own pay (certain, everyone paid)",strictly LAST item of the survey,Consensus Framing 1,1020,3046,8.452,0.213,0.542,2.516,,0.805,"5-recipient menu, remainder kept; 0-100 cents each; total 0-100"
voelkel2026,"US n=13,173",Donation_5,Sierra Club,aligned_cause,0,money_certain,"$1 of own pay (certain, everyone paid)",strictly LAST item of the survey,High Social Distance Framing,1016,3046,8.452,0.435,0.566,5.144,,1.344,"5-recipient menu, remainder kept; 0-100 cents each; total 0-100"
voelkel2026,"US n=13,173",Donation_5,Sierra Club,aligned_cause,0,money_certain,"$1 of own pay (certain, everyone paid)",strictly LAST item of the survey,System Preservation Framing,1014,3046,8.452,0.335,0.556,3.964,,2.554,"5-recipient menu, remainder kept; 0-100 cents each; total 0-100"
voelkel2026,"US n=13,173",Donation_5,Sierra Club,aligned_cause,0,money_certain,"$1 of own pay (certain, everyone paid)",strictly LAST item of the survey,Binding Framing,1029,3046,8.452,-0.452,0.509,-5.349,,0.172,"5-recipient menu, remainder kept; 0-100 cents each; total 0-100"
voelkel2026,"US n=13,173",Donation_5,Sierra Club,aligned_cause,0,money_certain,"$1 of own pay (certain, everyone paid)",strictly LAST item of the survey,Free Market Framing,1017,3046,8.452,-0.328,0.539,-3.883,,1.85,"5-recipient menu, remainder kept; 0-100 cents each; total 0-100"
voelkel2026,"US n=13,173",Donation_5,Sierra Club,aligned_cause,0,money_certain,"$1 of own pay (certain, everyone paid)",strictly LAST item of the survey,Gains Framing,990,3046,8.452,0.2,0.573,2.364,,2.795,"5-recipient menu, remainder kept; 0-100 cents each; total 0-100"
voelkel2026,"US n=13,173",Donation_5,Sierra Club,aligned_cause,0,money_certain,"$1 of own pay (certain, everyone paid)",strictly LAST item of the survey,Warmth Framing,994,3046,8.452,0.606,0.606,7.173,,-0.35,"5-recipient menu, remainder kept; 0-100 cents each; total 0-100"
voelkel2026,"US n=13,173",Donation_5,Sierra Club,aligned_cause,0,money_certain,"$1 of own pay (certain, everyone paid)",strictly LAST item of the survey,Dire But Solvable Framing,1029,3046,8.452,0.514,0.587,6.077,,1.977,"5-recipient menu, remainder kept; 0-100 cents each; total 0-100"
voelkel2026,"US n=13,173",Donation,TOTAL_GIVEN,aligned_cause(menu of 5),0,money_certain,"$1 of own pay (certain, everyone paid)",strictly LAST item of the survey,POOLED,10127,3046,61.541,-1.385,0.937,-2.251,-1.848,1.401,"5-recipient menu, remainder kept; 0-100 cents each; total 0-100"
voelkel2026,"US n=13,173",Donation,TOTAL_GIVEN,aligned_cause(menu of 5),0,money_certain,"$1 of own pay (certain, everyone paid)",strictly LAST item of the survey,Purity Framing,1002,3046,61.541,0.534,1.649,0.867,,1.128,"5-recipient menu, remainder kept; 0-100 cents each; total 0-100"
voelkel2026,"US n=13,173",Donation,TOTAL_GIVEN,aligned_cause(menu of 5),0,money_certain,"$1 of own pay (certain, everyone paid)",strictly LAST item of the survey,Consensus Framing 2,1016,3046,61.541,-3.947,1.647,-6.413,,1.738,"5-recipient menu, remainder kept; 0-100 cents each; total 0-100"
voelkel2026,"US n=13,173",Donation,TOTAL_GIVEN,aligned_cause(menu of 5),0,money_certain,"$1 of own pay (certain, everyone paid)",strictly LAST item of the survey,Consensus Framing 1,1020,3046,61.541,-1.086,1.636,-1.765,,0.805,"5-recipient menu, remainder kept; 0-100 cents each; total 0-100"
voelkel2026,"US n=13,173",Donation,TOTAL_GIVEN,aligned_cause(menu of 5),0,money_certain,"$1 of own pay (certain, everyone paid)",strictly LAST item of the survey,High Social Distance Framing,1016,3046,61.541,-1.448,1.652,-2.352,,1.344,"5-recipient menu, remainder kept; 0-100 cents each; total 0-100"
voelkel2026,"US n=13,173",Donation,TOTAL_GIVEN,aligned_cause(menu of 5),0,money_certain,"$1 of own pay (certain, everyone paid)",strictly LAST item of the survey,System Preservation Framing,1014,3046,61.541,-1.937,1.642,-3.148,,2.554,"5-recipient menu, remainder kept; 0-100 cents each; total 0-100"
voelkel2026,"US n=13,173",Donation,TOTAL_GIVEN,aligned_cause(menu of 5),0,money_certain,"$1 of own pay (certain, everyone paid)",strictly LAST item of the survey,Binding Framing,1029,3046,61.541,-1.411,1.636,-2.292,,0.172,"5-recipient menu, remainder kept; 0-100 cents each; total 0-100"
voelkel2026,"US n=13,173",Donation,TOTAL_GIVEN,aligned_cause(menu of 5),0,money_certain,"$1 of own pay (certain, everyone paid)",strictly LAST item of the survey,Free Market Framing,1017,3046,61.541,-1.498,1.65,-2.434,,1.85,"5-recipient menu, remainder kept; 0-100 cents each; total 0-100"
voelkel2026,"US n=13,173",Donation,TOTAL_GIVEN,aligned_cause(menu of 5),0,money_certain,"$1 of own pay (certain, everyone paid)",strictly LAST item of the survey,Gains Framing,990,3046,61.541,-2.048,1.672,-3.328,,2.795,"5-recipient menu, remainder kept; 0-100 cents each; total 0-100"
voelkel2026,"US n=13,173",Donation,TOTAL_GIVEN,aligned_cause(menu of 5),0,money_certain,"$1 of own pay (certain, everyone paid)",strictly LAST item of the survey,Warmth Framing,994,3046,61.541,-0.368,1.653,-0.597,,-0.35,"5-recipient menu, remainder kept; 0-100 cents each; total 0-100"
voelkel2026,"US n=13,173",Donation,TOTAL_GIVEN,aligned_cause(menu of 5),0,money_certain,"$1 of own pay (certain, everyone paid)",strictly LAST item of the survey,Dire But Solvable Framing,1029,3046,61.541,-0.622,1.63,-1.011,,1.977,"5-recipient menu, remainder kept; 0-100 cents each; total 0-100"
voelkel2024,"US n=31,908",PA_DG (cents given to out-partisan),an anonymous out-partisan PARTICIPANT,subject_of_message,1,money_certain,"50 real cents, certain",inside a randomised DV block (mid-battery),POOLED,28428,6824,35.453,3.954,0.353,11.152,1.973,4.755,all signs flipped to the GIVING direction; recoded PA_DG is reverse-scored (raw mean 19.30 of 50c = 38.6%)
voelkel2024,"US n=31,908",PA_DG (cents given to out-partisan),an anonymous out-partisan PARTICIPANT,subject_of_message,1,money_certain,"50 real cents, certain",inside a randomised DV block (mid-battery),Befriending_Meditation,1138,6824,35.453,5.029,0.894,14.184,,5.718,all signs flipped to the GIVING direction; recoded PA_DG is reverse-scored (raw mean 19.30 of 50c = 38.6%)
voelkel2024,"US n=31,908",PA_DG (cents given to out-partisan),an anonymous out-partisan PARTICIPANT,subject_of_message,1,money_certain,"50 real cents, certain",inside a randomised DV block (mid-battery),Chatbot_Quiz,1131,6824,35.453,2.672,0.824,7.537,,3.214,all signs flipped to the GIVING direction; recoded PA_DG is reverse-scored (raw mean 19.30 of 50c = 38.6%)
voelkel2024,"US n=31,908",PA_DG (cents given to out-partisan),an anonymous out-partisan PARTICIPANT,subject_of_message,1,money_certain,"50 real cents, certain",inside a randomised DV block (mid-battery),Civity_Storytelling,1134,6824,35.453,8.404,0.821,23.705,,8.867,all signs flipped to the GIVING direction; recoded PA_DG is reverse-scored (raw mean 19.30 of 50c = 38.6%)
voelkel2024,"US n=31,908",PA_DG (cents given to out-partisan),an anonymous out-partisan PARTICIPANT,subject_of_message,1,money_certain,"50 real cents, certain",inside a randomised DV block (mid-battery),Common_Identity,1142,6824,35.453,5.994,0.766,16.907,,11.572,all signs flipped to the GIVING direction; recoded PA_DG is reverse-scored (raw mean 19.30 of 50c = 38.6%)
voelkel2024,"US n=31,908",PA_DG (cents given to out-partisan),an anonymous out-partisan PARTICIPANT,subject_of_message,1,money_certain,"50 real cents, certain",inside a randomised DV block (mid-battery),Contact_Project,1147,6824,35.453,12.089,0.874,34.098,,8.79,all signs flipped to the GIVING direction; recoded PA_DG is reverse-scored (raw mean 19.30 of 50c = 38.6%)
voelkel2024,"US n=31,908",PA_DG (cents given to out-partisan),an anonymous out-partisan PARTICIPANT,subject_of_message,1,money_certain,"50 real cents, certain",inside a randomised DV block (mid-battery),Counterfactual_Selves,1133,6824,35.453,1.211,0.833,3.416,,1.89,all signs flipped to the GIVING direction; recoded PA_DG is reverse-scored (raw mean 19.30 of 50c = 38.6%)
voelkel2024,"US n=31,908",PA_DG (cents given to out-partisan),an anonymous out-partisan PARTICIPANT,subject_of_message,1,money_certain,"50 real cents, certain",inside a randomised DV block (mid-battery),Democratic_Fear,1135,6824,35.453,4.921,0.808,13.88,,3.917,all signs flipped to the GIVING direction; recoded PA_DG is reverse-scored (raw mean 19.30 of 50c = 38.6%)
voelkel2024,"US n=31,908",PA_DG (cents given to out-partisan),an anonymous out-partisan PARTICIPANT,subject_of_message,1,money_certain,"50 real cents, certain",inside a randomised DV block (mid-battery),Economic_Interests,1132,6824,35.453,1.126,0.845,3.177,,0.617,all signs flipped to the GIVING direction; recoded PA_DG is reverse-scored (raw mean 19.30 of 50c = 38.6%)
voelkel2024,"US n=31,908",PA_DG (cents given to out-partisan),an anonymous out-partisan PARTICIPANT,subject_of_message,1,money_certain,"50 real cents, certain",inside a randomised DV block (mid-battery),Empathy_Beliefs,1139,6824,35.453,6.963,0.844,19.641,,7.128,all signs flipped to the GIVING direction; recoded PA_DG is reverse-scored (raw mean 19.30 of 50c = 38.6%)
voelkel2024,"US n=31,908",PA_DG (cents given to out-partisan),an anonymous out-partisan PARTICIPANT,subject_of_message,1,money_certain,"50 real cents, certain",inside a randomised DV block (mid-battery),Epistemic_Rescue,1138,6824,35.453,4.427,0.843,12.488,,3.156,all signs flipped to the GIVING direction; recoded PA_DG is reverse-scored (raw mean 19.30 of 50c = 38.6%)
voelkel2024,"US n=31,908",PA_DG (cents given to out-partisan),an anonymous out-partisan PARTICIPANT,subject_of_message,1,money_certain,"50 real cents, certain",inside a randomised DV block (mid-battery),Harmful_Experiences,1126,6824,35.453,1.727,0.848,4.87,,1.456,all signs flipped to the GIVING direction; recoded PA_DG is reverse-scored (raw mean 19.30 of 50c = 38.6%)
voelkel2024,"US n=31,908",PA_DG (cents given to out-partisan),an anonymous out-partisan PARTICIPANT,subject_of_message,1,money_certain,"50 real cents, certain",inside a randomised DV block (mid-battery),Inparty_Elites,1139,6824,35.453,2.251,0.821,6.35,,1.852,all signs flipped to the GIVING direction; recoded PA_DG is reverse-scored (raw mean 19.30 of 50c = 38.6%)
voelkel2024,"US n=31,908",PA_DG (cents given to out-partisan),an anonymous out-partisan PARTICIPANT,subject_of_message,1,money_certain,"50 real cents, certain",inside a randomised DV block (mid-battery),Learning_Goals,1134,6824,35.453,4.267,0.902,12.035,,6.002,all signs flipped to the GIVING direction; recoded PA_DG is reverse-scored (raw mean 19.30 of 50c = 38.6%)
voelkel2024,"US n=31,908",PA_DG (cents given to out-partisan),an anonymous out-partisan PARTICIPANT,subject_of_message,1,money_certain,"50 real cents, certain",inside a randomised DV block (mid-battery),Media_Trust,1144,6824,35.453,8.836,0.793,24.924,,10.912,all signs flipped to the GIVING direction; recoded PA_DG is reverse-scored (raw mean 19.30 of 50c = 38.6%)
voelkel2024,"US n=31,908",PA_DG (cents given to out-partisan),an anonymous out-partisan PARTICIPANT,subject_of_message,1,money_certain,"50 real cents, certain",inside a randomised DV block (mid-battery),Misperception_Competition,1136,6824,35.453,1.349,0.818,3.805,,4.183,all signs flipped to the GIVING direction; recoded PA_DG is reverse-scored (raw mean 19.30 of 50c = 38.6%)
voelkel2024,"US n=31,908",PA_DG (cents given to out-partisan),an anonymous out-partisan PARTICIPANT,subject_of_message,1,money_certain,"50 real cents, certain",inside a randomised DV block (mid-battery),Misperception_Democratic,1144,6824,35.453,4.257,0.802,12.007,,7.388,all signs flipped to the GIVING direction; recoded PA_DG is reverse-scored (raw mean 19.30 of 50c = 38.6%)
voelkel2024,"US n=31,908",PA_DG (cents given to out-partisan),an anonymous out-partisan PARTICIPANT,subject_of_message,1,money_certain,"50 real cents, certain",inside a randomised DV block (mid-battery),Misperception_Film,1133,6824,35.453,5.587,0.786,15.76,,10.049,all signs flipped to the GIVING direction; recoded PA_DG is reverse-scored (raw mean 19.30 of 50c = 38.6%)
voelkel2024,"US n=31,908",PA_DG (cents given to out-partisan),an anonymous out-partisan PARTICIPANT,subject_of_message,1,money_certain,"50 real cents, certain",inside a randomised DV block (mid-battery),Misperception_Suffering,1134,6824,35.453,5.621,0.86,15.855,,5.92,all signs flipped to the GIVING direction; recoded PA_DG is reverse-scored (raw mean 19.30 of 50c = 38.6%)
voelkel2024,"US n=31,908",PA_DG (cents given to out-partisan),an anonymous out-partisan PARTICIPANT,subject_of_message,1,money_certain,"50 real cents, certain",inside a randomised DV block (mid-battery),Moral_Differences,1136,6824,35.453,5.154,0.819,14.538,,4.676,all signs flipped to the GIVING direction; recoded PA_DG is reverse-scored (raw mean 19.30 of 50c = 38.6%)
voelkel2024,"US n=31,908",PA_DG (cents given to out-partisan),an anonymous out-partisan PARTICIPANT,subject_of_message,1,money_certain,"50 real cents, certain",inside a randomised DV block (mid-battery),Outparty_Friendship,1140,6824,35.453,4.69,0.884,13.228,,5.003,all signs flipped to the GIVING direction; recoded PA_DG is reverse-scored (raw mean 19.30 of 50c = 38.6%)
voelkel2024,"US n=31,908",PA_DG (cents given to out-partisan),an anonymous out-partisan PARTICIPANT,subject_of_message,1,money_certain,"50 real cents, certain",inside a randomised DV block (mid-battery),Partisan_Threat,1134,6824,35.453,-1.042,0.81,-2.94,,-1.032,all signs flipped to the GIVING direction; recoded PA_DG is reverse-scored (raw mean 19.30 of 50c = 38.6%)
voelkel2024,"US n=31,908",PA_DG (cents given to out-partisan),an anonymous out-partisan PARTICIPANT,subject_of_message,1,money_certain,"50 real cents, certain",inside a randomised DV block (mid-battery),Party_Overlap,1140,6824,35.453,2.987,0.813,8.426,,3.348,all signs flipped to the GIVING direction; recoded PA_DG is reverse-scored (raw mean 19.30 of 50c = 38.6%)
voelkel2024,"US n=31,908",PA_DG (cents given to out-partisan),an anonymous out-partisan PARTICIPANT,subject_of_message,1,money_certain,"50 real cents, certain",inside a randomised DV block (mid-battery),System_Justification,1140,6824,35.453,2.293,0.817,6.469,,1.622,all signs flipped to the GIVING direction; recoded PA_DG is reverse-scored (raw mean 19.30 of 50c = 38.6%)
voelkel2024,"US n=31,908",PA_DG (cents given to out-partisan),an anonymous out-partisan PARTICIPANT,subject_of_message,1,money_certain,"50 real cents, certain",inside a randomised DV block (mid-battery),Utah_Cues,1146,6824,35.453,0.295,0.816,0.832,,3.048,all signs flipped to the GIVING direction; recoded PA_DG is reverse-scored (raw mean 19.30 of 50c = 38.6%)
voelkel2024,"US n=31,908",PA_DG (cents given to out-partisan),an anonymous out-partisan PARTICIPANT,subject_of_message,1,money_certain,"50 real cents, certain",inside a randomised DV block (mid-battery),Violence_Efficacy,1133,6824,35.453,0.467,0.897,1.316,,1.328,all signs flipped to the GIVING direction; recoded PA_DG is reverse-scored (raw mean 19.30 of 50c = 38.6%)
vlasceanu2024,"63 countries n=59,440",WEPT_pp,Eden Reforestation Project (1 tree/page),aligned_cause,0,effort,up to 8 pages of tedious number-screening; 1 tree per page,"near end, after all attitude DVs",POOLED,54355,5085,62.483,-2.253,0.628,-3.606,-2.545,1.184,WEPT 0-8 pages rescaled to 0-100 pp
vlasceanu2024,"63 countries n=59,440",WEPT_pp,Eden Reforestation Project (1 tree/page),aligned_cause,0,effort,up to 8 pages of tedious number-screening; 1 tree per page,"near end, after all attitude DVs",BindingMoral,5088,5085,62.483,0.911,0.846,1.459,,0.944,WEPT 0-8 pages rescaled to 0-100 pp
vlasceanu2024,"63 countries n=59,440",WEPT_pp,Eden Reforestation Project (1 tree/page),aligned_cause,0,effort,up to 8 pages of tedious number-screening; 1 tree per page,"near end, after all attitude DVs",CollectAction,5159,5085,62.483,-2.122,0.85,-3.397,,2.44,WEPT 0-8 pages rescaled to 0-100 pp
vlasceanu2024,"63 countries n=59,440",WEPT_pp,Eden Reforestation Project (1 tree/page),aligned_cause,0,effort,up to 8 pages of tedious number-screening; 1 tree per page,"near end, after all attitude DVs",DynamicNorm,5167,5085,62.483,0.383,0.844,0.612,,0.95,WEPT 0-8 pages rescaled to 0-100 pp
vlasceanu2024,"63 countries n=59,440",WEPT_pp,Eden Reforestation Project (1 tree/page),aligned_cause,0,effort,up to 8 pages of tedious number-screening; 1 tree per page,"near end, after all attitude DVs",FutureSelfCont,4194,5085,62.483,-1.956,0.898,-3.13,,2.048,WEPT 0-8 pages rescaled to 0-100 pp
vlasceanu2024,"63 countries n=59,440",WEPT_pp,Eden Reforestation Project (1 tree/page),aligned_cause,0,effort,up to 8 pages of tedious number-screening; 1 tree per page,"near end, after all attitude DVs",LetterFutureGen,4022,5085,62.483,-4.293,0.911,-6.871,,2.553,WEPT 0-8 pages rescaled to 0-100 pp
vlasceanu2024,"63 countries n=59,440",WEPT_pp,Eden Reforestation Project (1 tree/page),aligned_cause,0,effort,up to 8 pages of tedious number-screening; 1 tree per page,"near end, after all attitude DVs",NegativeEmotions,5162,5085,62.483,-6.296,0.854,-10.076,,0.106,WEPT 0-8 pages rescaled to 0-100 pp
vlasceanu2024,"63 countries n=59,440",WEPT_pp,Eden Reforestation Project (1 tree/page),aligned_cause,0,effort,up to 8 pages of tedious number-screening; 1 tree per page,"near end, after all attitude DVs",PluralIgnorance,5170,5085,62.483,-1.274,0.849,-2.039,,0.509,WEPT 0-8 pages rescaled to 0-100 pp
vlasceanu2024,"63 countries n=59,440",WEPT_pp,Eden Reforestation Project (1 tree/page),aligned_cause,0,effort,up to 8 pages of tedious number-screening; 1 tree per page,"near end, after all attitude DVs",PsychDistance,4730,5085,62.483,-5.469,0.873,-8.753,,2.07,WEPT 0-8 pages rescaled to 0-100 pp
vlasceanu2024,"63 countries n=59,440",WEPT_pp,Eden Reforestation Project (1 tree/page),aligned_cause,0,effort,up to 8 pages of tedious number-screening; 1 tree per page,"near end, after all attitude DVs",SciConsens,5286,5085,62.483,0.625,0.838,1.0,,1.036,WEPT 0-8 pages rescaled to 0-100 pp
vlasceanu2024,"63 countries n=59,440",WEPT_pp,Eden Reforestation Project (1 tree/page),aligned_cause,0,effort,up to 8 pages of tedious number-screening; 1 tree per page,"near end, after all attitude DVs",SystemJust,5173,5085,62.483,-0.807,0.846,-1.291,,1.363,WEPT 0-8 pages rescaled to 0-100 pp
vlasceanu2024,"63 countries n=59,440",WEPT_pp,Eden Reforestation Project (1 tree/page),aligned_cause,0,effort,up to 8 pages of tedious number-screening; 1 tree per page,"near end, after all attitude DVs",WorkTogetherNorm,5156,5085,62.483,-5.132,0.854,-8.214,,-0.407,WEPT 0-8 pages rescaled to 0-100 pp
vlasceanu2024,"63 countries n=59,440",SHARE_pp,the respondent's OWN social-media network,own_network / the message itself,0,low_cost_click,one click + optional copy-paste,immediately after the message,POOLED,40136,3905,48.476,6.417,0.838,13.237,5.652,1.184,SHAREcc coded no-social-media as 1/0 as supplied in data63.xlsx
vlasceanu2024,"63 countries n=59,440",SHARE_pp,the respondent's OWN social-media network,own_network / the message itself,0,low_cost_click,one click + optional copy-paste,immediately after the message,BindingMoral,3873,3905,48.476,4.273,1.133,8.816,,0.944,SHAREcc coded no-social-media as 1/0 as supplied in data63.xlsx
vlasceanu2024,"63 countries n=59,440",SHARE_pp,the respondent's OWN social-media network,own_network / the message itself,0,low_cost_click,one click + optional copy-paste,immediately after the message,CollectAction,3721,3905,48.476,9.008,1.139,18.583,,2.44,SHAREcc coded no-social-media as 1/0 as supplied in data63.xlsx
vlasceanu2024,"63 countries n=59,440",SHARE_pp,the respondent's OWN social-media network,own_network / the message itself,0,low_cost_click,one click + optional copy-paste,immediately after the message,DynamicNorm,3808,3905,48.476,6.539,1.136,13.49,,0.95,SHAREcc coded no-social-media as 1/0 as supplied in data63.xlsx
vlasceanu2024,"63 countries n=59,440",SHARE_pp,the respondent's OWN social-media network,own_network / the message itself,0,low_cost_click,one click + optional copy-paste,immediately after the message,FutureSelfCont,3094,3905,48.476,7.794,1.198,16.078,,2.048,SHAREcc coded no-social-media as 1/0 as supplied in data63.xlsx
vlasceanu2024,"63 countries n=59,440",SHARE_pp,the respondent's OWN social-media network,own_network / the message itself,0,low_cost_click,one click + optional copy-paste,immediately after the message,LetterFutureGen,2939,3905,48.476,10.081,1.211,20.796,,2.553,SHAREcc coded no-social-media as 1/0 as supplied in data63.xlsx
vlasceanu2024,"63 countries n=59,440",SHARE_pp,the respondent's OWN social-media network,own_network / the message itself,0,low_cost_click,one click + optional copy-paste,immediately after the message,NegativeEmotions,3661,3905,48.476,10.606,1.14,21.879,,0.106,SHAREcc coded no-social-media as 1/0 as supplied in data63.xlsx
vlasceanu2024,"63 countries n=59,440",SHARE_pp,the respondent's OWN social-media network,own_network / the message itself,0,low_cost_click,one click + optional copy-paste,immediately after the message,PluralIgnorance,3864,3905,48.476,1.343,1.134,2.769,,0.509,SHAREcc coded no-social-media as 1/0 as supplied in data63.xlsx
vlasceanu2024,"63 countries n=59,440",SHARE_pp,the respondent's OWN social-media network,own_network / the message itself,0,low_cost_click,one click + optional copy-paste,immediately after the message,PsychDistance,3394,3905,48.476,7.741,1.168,15.968,,2.07,SHAREcc coded no-social-media as 1/0 as supplied in data63.xlsx
vlasceanu2024,"63 countries n=59,440",SHARE_pp,the respondent's OWN social-media network,own_network / the message itself,0,low_cost_click,one click + optional copy-paste,immediately after the message,SciConsens,3967,3905,48.476,3.881,1.126,8.005,,1.036,SHAREcc coded no-social-media as 1/0 as supplied in data63.xlsx
vlasceanu2024,"63 countries n=59,440",SHARE_pp,the respondent's OWN social-media network,own_network / the message itself,0,low_cost_click,one click + optional copy-paste,immediately after the message,SystemJust,3821,3905,48.476,5.462,1.136,11.268,,1.363,SHAREcc coded no-social-media as 1/0 as supplied in data63.xlsx
vlasceanu2024,"63 countries n=59,440",SHARE_pp,the respondent's OWN social-media network,own_network / the message itself,0,low_cost_click,one click + optional copy-paste,immediately after the message,WorkTogetherNorm,3959,3905,48.476,5.376,1.126,11.089,,-0.407,SHAREcc coded no-social-media as 1/0 as supplied in data63.xlsx
koetke2024 S5,US n=617,Behavior Follow (opt in to be sent info & tips),the RESPONDENT (info sent to self),self,0,low_cost_click,one radio button; info sent to SELF,"after the trust battery, end of a short survey",POOLED,467,150,44.0,-8.026,4.635,-18.24,-8.54,2.481,"binary yes/no, ""maybe"" (n=62) dropped; METI trust rescaled 1-7 -> pp of range"
koetke2024 S5,US n=617,Behavior Follow (opt in to be sent info & tips),the RESPONDENT (info sent to self),self,0,low_cost_click,one radio button; info sent to SELF,"after the trust battery, end of a short survey",Limits of Methods,156,150,44.0,-9.385,5.58,-21.329,,1.738,"binary yes/no, ""maybe"" (n=62) dropped; METI trust rescaled 1-7 -> pp of range"
koetke2024 S5,US n=617,Behavior Follow (opt in to be sent info & tips),the RESPONDENT (info sent to self),self,0,low_cost_click,one radio button; info sent to SELF,"after the trust battery, end of a short survey",Limits of Results,166,150,44.0,-4.843,5.566,-11.008,,3.493,"binary yes/no, ""maybe"" (n=62) dropped; METI trust rescaled 1-7 -> pp of range"
koetke2024 S5,US n=617,Behavior Follow (opt in to be sent info & tips),the RESPONDENT (info sent to self),self,0,low_cost_click,one radio button; info sent to SELF,"after the trust battery, end of a short survey",Personal Humility,145,150,44.0,-10.207,5.663,-23.197,,2.123,"binary yes/no, ""maybe"" (n=62) dropped; METI trust rescaled 1-7 -> pp of range"
spampatti2023,"intl n=5,948","WEPT_90 (pages, 0-8)",Eden Reforestation Project (1 tree/page),aligned_cause,0,effort,WEPT pages,near end,POOLED (6 inoculation arms vs Condition 0),5095,853,18.699,0.676,1.048,3.613,,,"NO NEUTRAL CONTROL: the reference arm also read the disinformation, so any message-vs-nothing common shift is differenced out. UNINFORMATIVE for the offset."
bago2025,"US n=1,999",upvote / bookmark of the stimulus headline,none - engagement with the stimulus feed itself,n/a (not a follow-through ask),0,low_cost_click,click on the stimulus feed,during stimulus,EXCLUDED,1002,997,,,,,,,"EXCLUDED from the alignment analysis: the act is engagement with the stimulus, not a costly follow-through for a third party. Numbers not recomputed here."
