row_type,shape_class,source,item,k,rbar,n,mean,sd,skew,kurt,p_floor,p_ceil,p_mid,p_mult5,p_mult10,p_int,q0,q10,q20,q30,q40,q50,q60,q70,q80,q90,q100,beta_a,beta_b,item_sd_mean,sd_pred_classical,pceil_item_min,pceil_ratio_to_min,pmf_0,pmf_1,pmf_2,pmf_3,pmf_4,pmf_5,pmf_6,pmf_7,pmf_8,pmf_9,pmf_10,value,note
item,slider_single,voelkel2026,Belief_Pre_1_1,1.00000,,13819.00000,70.96461,26.16688,-0.82538,0.04841,0.00767,0.18576,0.05008,0.43462,0.33606,1.00000,0.00000,35.00000,50.00000,57.00000,67.00000,75.00000,83.00000,91.00000,99.00000,100.00000,100.00000,1.83925,0.94993,,,,,,,,,,,,,,,,,
item,slider_single,voelkel2026,Belief_Pre_2_1,1.00000,,13818.00000,70.97424,26.50011,-0.83074,0.02609,0.00796,0.19171,0.05999,0.44348,0.34983,1.00000,0.00000,35.00000,50.00000,56.00000,67.00000,76.00000,84.00000,91.00000,99.00000,100.00000,100.00000,1.74864,0.90399,,,,,,,,,,,,,,,,,
item,slider_single,voelkel2026,Belief_Pre_3_1,1.00000,,13819.00000,53.60728,28.34963,-0.16916,-0.81040,0.04559,0.02779,0.10066,0.38389,0.27650,1.00000,0.00000,10.00000,27.00000,44.00000,49.00000,50.00000,60.00000,72.00000,83.00000,94.00000,100.00000,1.30388,1.04779,,,,,,,,,,,,,,,,,
item,slider_single,voelkel2026,Concern_Pre_1_1,1.00000,,13811.00000,60.51546,32.87276,-0.50559,-1.02148,0.03106,0.13598,0.03309,0.40982,0.29925,1.00000,0.00000,5.00000,25.00000,48.00000,55.00000,68.00000,76.00000,85.00000,94.00000,100.00000,100.00000,0.93904,0.72039,,,,,,,,,,,,,,,,,
item,slider_single,voelkel2026,Concern_Pre_2_1,1.00000,,13812.00000,65.09209,32.24768,-0.68766,-0.78296,0.02389,0.17231,0.02744,0.42347,0.31798,1.00000,0.00000,9.00000,32.00000,51.00000,64.00000,74.00000,82.00000,90.00000,98.00000,100.00000,100.00000,0.99356,0.66567,,,,,,,,,,,,,,,,,
item,slider_single,voelkel2026,Concern_Pre_3_1,1.00000,,13815.00000,56.10250,31.22462,-0.38915,-1.02215,0.03055,0.07550,0.03945,0.39551,0.27043,1.00000,0.00000,5.00000,23.00000,40.00000,51.00000,61.00000,70.00000,77.00000,85.00000,96.00000,100.00000,1.03775,0.86598,,,,,,,,,,,,,,,,,
item,slider_single,voelkel2026,Policies_Pre_1,1.00000,,13816.00000,65.56246,31.39989,-0.67226,-0.69447,0.02251,0.19231,0.03988,0.43717,0.34243,1.00000,0.00000,11.00000,38.00000,50.00000,61.00000,73.00000,81.00000,90.00000,99.00000,100.00000,100.00000,1.11755,0.76103,,,,,,,,,,,,,,,,,
item,slider_single,voelkel2026,Policies_Pre_2,1.00000,,13816.00000,72.42834,27.33213,-0.99897,0.21098,0.01158,0.21511,0.03568,0.44803,0.35314,1.00000,0.00000,30.00000,50.00000,62.00000,72.00000,79.00000,86.00000,94.00000,100.00000,100.00000,100.00000,1.61129,0.80771,,,,,,,,,,,,,,,,,
item,slider_single,voelkel2026,Policies_Pre_3,1.00000,,13816.00000,65.48422,32.74520,-0.67377,-0.81199,0.02714,0.20780,0.03554,0.44637,0.35582,1.00000,0.00000,8.00000,33.00000,50.00000,62.00000,75.00000,83.00000,92.00000,100.00000,100.00000,100.00000,0.96883,0.67763,,,,,,,,,,,,,,,,,
item,slider_single,voelkel2026,Intent_Pre_1,1.00000,,13812.00000,49.39176,36.05606,-0.03022,-1.45864,0.07037,0.11512,0.04228,0.40298,0.30966,1.00000,0.00000,1.00000,5.00000,18.00000,40.00000,51.00000,64.00000,77.00000,89.00000,100.00000,100.00000,0.61324,0.71081,,,,,,,,,,,,,,,,,
item,slider_single,voelkel2026,Intent_Pre_2,1.00000,,13805.00000,27.80913,29.75175,0.93053,-0.31364,0.12329,0.02898,0.03832,0.35741,0.25795,1.00000,0.00000,0.00000,1.00000,4.00000,8.00000,15.00000,26.00000,45.00000,53.00000,75.00000,100.00000,0.47069,1.18607,,,,,,,,,,,,,,,,,
item,slider_single,voelkel2026,Intent_Pre_3,1.00000,,13802.00000,29.99891,30.97517,0.83937,-0.55241,0.11324,0.03543,0.03586,0.36053,0.26243,1.00000,0.00000,0.00000,2.00000,5.00000,9.00000,18.00000,30.00000,49.00000,58.00000,80.00000,100.00000,0.47468,1.09484,,,,,,,,,,,,,,,,,
item,slider_single,voelkel2026,Intent_Pre_4,1.00000,,13805.00000,30.92640,30.55889,0.73319,-0.69084,0.11119,0.02955,0.04028,0.36393,0.25911,1.00000,0.00000,0.00000,2.00000,5.00000,10.00000,20.00000,34.00000,50.00000,58.00000,79.00000,100.00000,0.52011,1.12089,,,,,,,,,,,,,,,,,
item,slider_single,voelkel2026,PoliciesSp_Pre_1_1,1.00000,,13808.00000,59.39941,29.10550,-0.43188,-0.67270,0.02795,0.10335,0.06105,0.39267,0.28976,1.00000,0.00000,11.00000,35.00000,50.00000,53.00000,60.00000,70.00000,78.00000,88.00000,100.00000,100.00000,1.41621,1.06965,,,,,,,,,,,,,,,,,
item,slider_single,voelkel2026,PoliciesSp_Pre_2_1,1.00000,,13811.00000,52.98784,30.56080,-0.16200,-0.96638,0.03678,0.08855,0.06712,0.38462,0.28637,1.00000,0.00000,5.00000,22.00000,39.00000,50.00000,52.00000,60.00000,72.00000,83.00000,98.00000,100.00000,1.11470,1.09287,,,,,,,,,,,,,,,,,
item,slider_single,voelkel2026,PoliciesSp_Pre_3_1,1.00000,,13813.00000,45.04300,30.08278,0.17342,-0.92575,0.09506,0.03453,0.06566,0.38493,0.28596,1.00000,0.00000,1.00000,15.00000,26.00000,37.00000,47.00000,50.00000,59.00000,74.00000,92.00000,100.00000,1.11396,1.22626,,,,,,,,,,,,,,,,,
item,slider_single,voelkel2026,PoliciesSp_Pre_4_1,1.00000,,13812.00000,53.23378,28.60270,-0.15522,-0.74709,0.03055,0.07718,0.08333,0.38517,0.27715,1.00000,0.00000,8.00000,27.00000,42.00000,50.00000,52.00000,59.00000,70.00000,80.00000,96.00000,100.00000,1.33974,1.28126,,,,,,,,,,,,,,,,,
item,slider_single,voelkel2026,Candidate_Pre_1_1,1.00000,,13815.00000,29.94122,26.91264,0.74173,-0.20234,0.18719,0.00702,0.08056,0.44625,0.35628,1.00000,0.00000,0.00000,1.00000,9.00000,18.00000,25.00000,34.00000,47.00000,50.00000,68.00000,100.00000,0.86179,1.61727,,,,,,,,,,,,,,,,,
item,slider_single,voelkel2026,Candidate_Pre_2_1,1.00000,,13812.00000,38.71474,29.18782,0.32793,-0.84282,0.13459,0.01253,0.09325,0.42362,0.32197,1.00000,0.00000,0.00000,6.00000,18.00000,28.00000,40.00000,49.00000,50.00000,63.00000,82.00000,100.00000,0.96498,1.26989,,,,,,,,,,,,,,,,,
item,slider_single,voelkel2026,Candidate_Pre_3_1,1.00000,,13813.00000,37.91334,30.70377,0.42230,-0.91319,0.15478,0.01607,0.07891,0.42974,0.33599,1.00000,0.00000,0.00000,4.00000,15.00000,25.00000,36.00000,48.00000,50.00000,66.00000,87.00000,100.00000,0.83604,1.10220,,,,,,,,,,,,,,,,,
item,slider_single,voelkel2026,Candidate_Pre_4_1,1.00000,,13815.00000,32.39305,26.85972,0.60706,-0.38290,0.15411,0.00825,0.08578,0.43626,0.33160,1.00000,0.00000,0.00000,3.00000,13.00000,21.00000,29.00000,40.00000,49.00000,50.00000,70.00000,100.00000,0.94001,1.65085,,,,,,,,,,,,,,,,,
item,slider_single,voelkel2026,Companies_Pre_1,1.00000,,13814.00000,70.98284,28.89955,-0.94205,-0.04617,0.01600,0.21507,0.03786,0.44129,0.35182,1.00000,0.00000,24.00000,50.00000,58.00000,70.00000,79.00000,86.00000,94.00000,100.00000,100.00000,100.00000,1.38393,0.74237,,,,,,,,,,,,,,,,,
item,slider_single,voelkel2026,Companies_Pre_2,1.00000,,13815.00000,75.81701,24.66572,-1.13456,0.83751,0.00803,0.22961,0.03417,0.44806,0.35577,1.00000,0.00000,46.00000,55.00000,67.00000,75.00000,81.00000,88.00000,96.00000,100.00000,100.00000,100.00000,2.09279,0.88671,,,,,,,,,,,,,,,,,
item,slider_single,voelkel2026,Companies_Pre_3,1.00000,,13815.00000,69.71053,30.39251,-0.89474,-0.26639,0.02331,0.21701,0.03634,0.44604,0.36077,1.00000,0.00000,17.00000,48.00000,56.00000,69.60000,78.00000,86.00000,94.00000,100.00000,100.00000,100.00000,1.22370,0.69253,,,,,,,,,,,,,,,,,
item,slider_single,voelkel2026,IntentNp_Pre_1,1.00000,,13808.00000,38.68366,33.00840,0.42714,-1.12780,0.08691,0.05859,0.03961,0.37348,0.27129,1.00000,0.00000,1.00000,4.00000,10.00000,20.00000,34.00000,49.00000,56.00000,73.00000,90.00000,100.00000,0.61058,1.00256,,,,,,,,,,,,,,,,,
item,slider_single,voelkel2026,IntentNp_Pre_2,1.00000,,13811.00000,46.25632,35.52051,0.13260,-1.42037,0.06850,0.10224,0.03729,0.37796,0.28376,1.00000,0.00000,1.00000,5.00000,15.00000,30.00000,49.00000,56.00000,72.00000,85.00000,100.00000,100.00000,0.60123,0.79235,,,,,,,,,,,,,,,,,
item,slider_single,voelkel2026,IntentNp_Pre_3,1.00000,,13817.00000,68.67793,31.12954,-0.84502,-0.43677,0.02533,0.20026,0.03365,0.42788,0.33821,1.00000,0.00000,13.00000,45.00000,54.00000,68.00000,78.00000,86.00000,94.00000,100.00000,100.00000,100.00000,1.12149,0.64722,,,,,,,,,,,,,,,,,
item,slider_single,voelkel2026,IntentNp_Pre_4,1.00000,,13809.00000,52.66840,36.64024,-0.11068,-1.45747,0.06112,0.14997,0.05373,0.41053,0.32776,1.00000,0.00000,1.00000,7.00000,23.00000,47.00000,52.00000,68.80000,83.00000,96.00000,100.00000,100.00000,0.59138,0.65136,,,,,,,,,,,,,,,,,
item,slider_single,voelkel2026,IntentNp_Pre_5,1.00000,,13815.00000,62.95925,27.86492,-0.52927,-0.50139,0.01802,0.10974,0.06182,0.38480,0.28281,1.00000,0.00000,20.00000,44.00000,50.00000,55.00000,65.00000,74.00000,81.00000,90.00000,100.00000,100.00000,1.56982,1.03213,,,,,,,,,,,,,,,,,
item,slider_single,voelkel2026,IntentNp_Pre_6,1.00000,,13811.00000,58.60090,30.67206,-0.37977,-0.93470,0.02824,0.10492,0.05047,0.37883,0.27811,1.00000,0.00000,9.00000,29.00000,46.00000,51.00000,60.00000,72.00000,80.00000,90.00000,100.00000,100.00000,1.16037,0.91769,,,,,,,,,,,,,,,,,
item,slider_single,vlasceanu2024_US,Belief.in.CC_1,1.00000,,8221.00000,69.61100,30.94294,-0.89475,-0.36380,0.02080,0.20922,0.00949,0.37307,0.29352,1.00000,0.00000,15.00000,44.00000,57.00000,70.00000,79.00000,87.00000,94.00000,100.00000,100.00000,100.00000,1.14061,0.65848,,,,,,,,,,,,,,,,,
item,slider_single,vlasceanu2024_US,Belief.in.CC_2,1.00000,,8217.00000,71.38749,31.16765,-0.99669,-0.19747,0.02312,0.23987,0.00633,0.39370,0.32019,1.00000,0.00000,14.00000,47.00000,61.00000,73.00000,82.00000,90.00000,97.00000,100.00000,100.00000,100.00000,1.09860,0.60627,,,,,,,,,,,,,,,,,
item,slider_single,vlasceanu2024_US,Belief.in.CC_4,1.00000,,8213.00000,70.69646,31.41310,-0.95886,-0.27899,0.02545,0.23536,0.01181,0.40351,0.32607,1.00000,0.00000,13.00000,46.00000,59.00000,72.00000,82.00000,89.00000,96.00000,100.00000,100.00000,100.00000,1.08975,0.61235,,,,,,,,,,,,,,,,,
item,slider_single,vlasceanu2024_US,Belief.in.CC_5,1.00000,,8213.00000,70.88628,31.63336,-0.96631,-0.29064,0.02679,0.24230,0.00840,0.39718,0.32473,1.00000,0.00000,13.00000,45.00000,59.00000,73.00000,82.00000,90.00000,97.00000,100.00000,100.00000,100.00000,1.07097,0.60259,,,,,,,,,,,,,,,,,
item,slider_single,vlasceanu2024_US,CC_policy_1,1.00000,,7847.00000,52.92762,34.17837,-0.18748,-1.30032,0.06690,0.10450,0.03160,0.37530,0.28559,1.00000,0.00000,2.00000,11.00000,30.00000,48.00000,55.00000,67.60000,78.00000,89.00000,100.00000,100.00000,0.85497,0.81115,,,,,,,,,,,,,,,,,
item,slider_single,vlasceanu2024_US,CC_policy_2,1.00000,,7919.00000,66.42303,29.21976,-0.65999,-0.53473,0.01743,0.16959,0.03081,0.39020,0.29827,1.00000,0.00000,20.00000,43.00000,52.00000,62.00000,72.00000,80.00000,89.00000,97.00000,100.00000,100.00000,1.43042,0.90421,,,,,,,,,,,,,,,,,
item,slider_single,vlasceanu2024_US,CC_policy_3,1.00000,,7830.00000,64.51788,31.77718,-0.65465,-0.73738,0.03359,0.17344,0.02874,0.40179,0.30945,1.00000,0.00000,9.00000,35.80000,50.00000,61.00000,72.00000,80.00000,89.00000,98.00000,100.00000,100.00000,1.14925,0.77106,,,,,,,,,,,,,,,,,
item,slider_single,vlasceanu2024_US,CC_policy_5,1.00000,,8048.00000,73.13929,29.09005,-1.05947,0.13023,0.02038,0.24776,0.02112,0.44023,0.35810,1.00000,0.00000,25.70000,50.00000,62.00000,74.00000,82.00000,90.00000,97.00000,100.00000,100.00000,100.00000,1.37349,0.69003,,,,,,,,,,,,,,,,,
item,slider_single,vlasceanu2024_US,CC_policy_6,1.00000,,7843.00000,58.68749,32.57988,-0.41590,-1.04428,0.04590,0.12610,0.03073,0.37562,0.28254,1.00000,0.00000,5.00000,25.00000,44.00000,52.00000,63.00000,74.00000,82.00000,92.00000,100.00000,100.00000,1.05763,0.83549,,,,,,,,,,,,,,,,,
item,slider_single,vlasceanu2024_US,CC_policy_7,1.00000,,8070.00000,79.68984,24.00630,-1.31902,1.19787,0.00620,0.30273,0.01611,0.46382,0.39442,1.00000,0.00000,47.00000,60.00000,72.00000,80.00000,88.00000,95.00000,100.00000,100.00000,100.00000,100.00000,2.01467,0.78268,,,,,,,,,,,,,,,,,
item,slider_single,vlasceanu2024_US,CC_policy_8,1.00000,,7989.00000,68.98485,29.97205,-0.86275,-0.27883,0.02604,0.19715,0.02466,0.40568,0.31719,1.00000,0.00000,18.00000,47.00000,56.00000,68.00000,76.00000,85.00000,92.00000,99.00000,100.00000,100.00000,1.35460,0.76641,,,,,,,,,,,,,,,,,
item,slider_single,vlasceanu2024_US,CC_policy_9,1.00000,,8067.00000,77.28834,25.45376,-1.21850,0.84789,0.00967,0.27396,0.01897,0.45680,0.37387,1.00000,0.00000,42.00000,56.00000,69.00000,77.00000,85.00000,93.00000,98.00000,100.00000,100.00000,100.00000,1.86239,0.79133,,,,,,,,,,,,,,,,,
item,slider_single,vlasceanu2024_US,CC_policy_10,1.00000,,7785.00000,46.90983,34.03158,0.04258,-1.34639,0.08324,0.07347,0.03661,0.36686,0.27142,1.00000,0.00000,1.00000,6.00000,19.00000,36.00000,50.00000,58.00000,71.00000,82.00000,96.00000,100.00000,0.75620,0.86049,,,,,,,,,,,,,,,,,
item,slider_single,vlasceanu2024_US,PerceivedSciConsensu_1,1.00000,,8152.00000,71.54085,23.05396,-0.94173,0.50203,0.00478,0.06391,0.03042,0.34593,0.24473,1.00000,0.00000,41.00000,52.00000,62.00000,70.00000,76.00000,81.00000,88.00000,92.00000,98.00000,100.00000,2.29106,0.95273,,,,,,,,,,,,,,,,,
item,slider_single,vlasceanu2024_US,Trust_sci1_1,1.00000,,581.00000,68.71256,27.08903,-1.02766,0.27005,0.01377,0.08950,0.02754,0.34423,0.24785,1.00000,0.00000,21.00000,50.00000,62.00000,70.00000,75.00000,81.00000,86.00000,93.00000,99.00000,100.00000,1.58957,0.77684,,,,,,,,,,,,,,,,,
item,slider_single,vlasceanu2024_US,Trust_sci2_1,1.00000,,628.00000,67.85510,28.82488,-0.92165,-0.16087,0.01115,0.10032,0.02229,0.34395,0.25478,1.00000,0.00000,20.00000,46.00000,59.00000,70.00000,76.00000,82.00000,88.00000,94.00000,99.30000,100.00000,1.27697,0.67364,,,,,,,,,,,,,,,,,
item,slider_single,vlasceanu2024_US,Trust_gov_1,1.00000,,633.00000,47.70616,30.21901,-0.07490,-1.19866,0.03791,0.03160,0.02686,0.34123,0.23855,1.00000,0.00000,4.00000,13.00000,27.00000,40.80000,51.00000,59.20000,70.00000,76.00000,87.00000,100.00000,0.97829,1.06786,,,,,,,,,,,,,,,,,
item,slider_single_otherUI,bago2025,prior_cause_1,1.00000,,1999.00000,70.90195,28.38567,-1.04909,0.05732,0.02901,0.13507,0.04152,0.61681,0.45273,1.00000,0.00000,22.00000,50.00000,65.00000,73.00000,80.00000,85.00000,90.00000,95.00000,100.00000,100.00000,,,,,,,,,,,,,,,,,,,
item,slider_single_otherUI,bago2025,prior_happen_1,1.00000,,1999.00000,83.47724,24.51096,-1.87729,2.89125,0.01551,0.39170,0.02801,0.68784,0.58829,1.00000,0.00000,50.00000,70.00000,81.00000,90.00000,95.00000,99.00000,100.00000,100.00000,100.00000,100.00000,,,,,,,,,,,,,,,,,,,
item,slider_single_otherUI,bago2025,prior_risk_1,1.00000,,1999.00000,75.50625,28.17475,-1.29480,0.72391,0.03252,0.26513,0.03002,0.64082,0.52126,1.00000,0.00000,29.00000,56.00000,70.00000,80.00000,85.00000,91.00000,96.00000,100.00000,100.00000,100.00000,,,,,,,,,,,,,,,,,,,
item,slider_single_otherUI,bago2025,posterior_cause_1,1.00000,,1999.00000,72.05353,28.62742,-1.09380,0.12933,0.03002,0.16208,0.04002,0.61231,0.46223,1.00000,0.00000,21.00000,50.00000,65.00000,75.00000,81.00000,88.00000,92.00000,97.00000,100.00000,100.00000,,,,,,,,,,,,,,,,,,,
item,slider_single_otherUI,bago2025,posterior_happen_1,1.00000,,1999.00000,84.67634,24.03072,-1.97667,3.27974,0.01401,0.43222,0.02551,0.71286,0.61481,1.00000,0.00000,50.00000,73.60000,84.00000,91.00000,95.00000,100.00000,100.00000,100.00000,100.00000,100.00000,,,,,,,,,,,,,,,,,,,
item,slider_single_otherUI,bago2025,posterior_risk_1,1.00000,,1999.00000,77.86993,27.91613,-1.44408,1.11301,0.03152,0.31216,0.02601,0.66283,0.53627,1.00000,0.00000,30.00000,60.00000,75.00000,82.00000,90.00000,94.00000,100.00000,100.00000,100.00000,100.00000,,,,,,,,,,,,,,,,,,,
item,slider_single_otherUI,bago2025,credibility_1,1.00000,,1987.00000,70.03171,21.80848,-0.97320,0.85166,0.01359,0.06543,0.08002,0.54756,0.39607,1.00000,0.00000,41.00000,50.00000,61.00000,70.00000,75.00000,80.00000,83.00000,90.00000,95.00000,100.00000,,,,,,,,,,,,,,,,,,,
item,slider_single_otherUI,hackenburg2025_ctrl,medicaid-1,1.00000,,480.00000,30.82083,30.69238,0.67678,-0.77801,0.29375,0.02500,0.05208,0.75417,0.61667,1.00000,0.00000,0.00000,0.00000,1.00000,10.00000,23.00000,33.00000,50.00000,61.00000,80.00000,100.00000,,,,,,,,,,,,,,,,,,,
item,slider_single_otherUI,hackenburg2025_ctrl,medicaid-2,1.00000,,480.00000,67.47083,32.09991,-0.65281,-0.84618,0.04375,0.28750,0.02708,0.70000,0.58750,1.00000,0.00000,15.00000,34.00000,50.00000,65.00000,75.00000,86.00000,96.30000,100.00000,100.00000,100.00000,,,,,,,,,,,,,,,,,,,
item,slider_single_otherUI,hackenburg2025_ctrl,medicaid-3,1.00000,,480.00000,34.10833,30.46708,0.50917,-0.91097,0.23542,0.03542,0.06667,0.62083,0.51667,1.00000,0.00000,0.00000,0.00000,9.00000,20.00000,28.00000,40.00000,50.00000,64.20000,79.00000,100.00000,,,,,,,,,,,,,,,,,,,
item,slider_single_otherUI,hackenburg2025_ctrl,medicaid-4,1.00000,,480.00000,32.06875,32.30016,0.65969,-0.85233,0.30208,0.04375,0.05417,0.66875,0.58333,1.00000,0.00000,0.00000,0.00000,0.00000,10.00000,22.00000,37.40000,50.00000,65.00000,80.00000,100.00000,,,,,,,,,,,,,,,,,,,
item,slider_single_otherUI,hackenburg2025_ctrl,veterans-1,1.00000,,546.00000,43.07143,30.04945,0.05982,-1.11839,0.13919,0.04029,0.13004,0.60989,0.50916,1.00000,0.00000,0.00000,10.00000,20.50000,34.00000,50.00000,50.00000,61.00000,72.00000,82.00000,100.00000,,,,,,,,,,,,,,,,,,,
item,slider_single_otherUI,hackenburg2025_ctrl,veterans-2,1.00000,,546.00000,55.48535,30.99004,-0.06618,-1.15744,0.04579,0.13919,0.12454,0.59158,0.51832,1.00000,0.00000,12.50000,24.00000,35.50000,50.00000,50.00000,66.00000,78.00000,90.00000,100.00000,100.00000,,,,,,,,,,,,,,,,,,,
item,slider_single_otherUI,hackenburg2025_ctrl,veterans-3,1.00000,,546.00000,44.28938,29.18704,-0.03332,-1.05161,0.12637,0.03663,0.14103,0.58059,0.48352,1.00000,0.00000,0.00000,10.00000,24.00000,40.00000,50.00000,50.00000,61.50000,71.00000,82.00000,100.00000,,,,,,,,,,,,,,,,,,,
item,slider_single_otherUI,hackenburg2025_ctrl,veterans-4,1.00000,,546.00000,44.33516,30.10598,0.01422,-1.07477,0.14103,0.03663,0.14652,0.62271,0.51832,1.00000,0.00000,0.00000,10.00000,21.00000,40.00000,50.00000,50.00000,61.00000,72.00000,85.00000,100.00000,,,,,,,,,,,,,,,,,,,
item,slider_single_otherUI,hackenburg2025_ctrl,pensions-1,1.00000,,503.00000,43.99006,27.01936,-0.04531,-0.81998,0.11133,0.02982,0.18489,0.68191,0.56461,1.00000,0.00000,0.00000,15.40000,30.00000,40.00000,50.00000,50.00000,60.00000,70.00000,76.00000,100.00000,,,,,,,,,,,,,,,,,,,
item,slider_single_otherUI,hackenburg2025_ctrl,pensions-2,1.00000,,503.00000,54.81113,27.70329,0.00143,-0.82640,0.04175,0.10934,0.16501,0.64016,0.57455,1.00000,0.00000,20.00000,30.00000,40.00000,50.00000,50.00000,60.00000,71.00000,81.00000,100.00000,100.00000,,,,,,,,,,,,,,,,,,,
item,slider_single_otherUI,hackenburg2025_ctrl,pensions-3,1.00000,,503.00000,46.65010,25.52494,-0.17575,-0.51758,0.08946,0.03181,0.20080,0.63817,0.53479,1.00000,0.00000,5.60000,24.00000,35.00000,46.00000,50.00000,50.00000,60.00000,69.60000,79.00000,100.00000,,,,,,,,,,,,,,,,,,,
item,slider_single_otherUI,hackenburg2025_ctrl,pensions-4,1.00000,,503.00000,46.40755,27.41577,-0.08117,-0.64706,0.10934,0.04573,0.22068,0.65408,0.54274,1.00000,0.00000,0.00000,20.00000,34.60000,46.80000,50.00000,50.00000,60.00000,70.00000,81.00000,100.00000,,,,,,,,,,,,,,,,,,,
item,slider_single_otherUI,hackenburg2025_ctrl,foreign_aid-1,1.00000,,471.00000,44.11253,29.23875,0.14781,-1.07592,0.10616,0.03609,0.07006,0.64331,0.51805,1.00000,0.00000,0.00000,16.00000,25.00000,31.00000,40.00000,50.00000,65.00000,74.00000,82.00000,100.00000,,,,,,,,,,,,,,,,,,,
item,slider_single_otherUI,hackenburg2025_ctrl,foreign_aid-2,1.00000,,471.00000,57.00212,29.30794,-0.17439,-1.03094,0.03609,0.12102,0.06582,0.61146,0.48195,1.00000,0.00000,16.00000,28.00000,40.00000,50.00000,59.00000,70.00000,77.00000,86.00000,100.00000,100.00000,,,,,,,,,,,,,,,,,,,
item,slider_single_otherUI,hackenburg2025_ctrl,foreign_aid-3,1.00000,,471.00000,49.27389,26.55166,-0.09092,-0.67643,0.07006,0.03822,0.12527,0.61359,0.49894,1.00000,0.00000,10.00000,25.00000,37.00000,45.00000,50.00000,55.00000,62.00000,74.00000,82.00000,100.00000,,,,,,,,,,,,,,,,,,,
item,slider_single_otherUI,hackenburg2025_ctrl,foreign_aid-4,1.00000,,471.00000,47.01486,30.55302,0.04640,-1.13154,0.10616,0.04883,0.06794,0.59448,0.45435,1.00000,0.00000,0.00000,17.00000,26.00000,36.00000,49.00000,55.00000,68.00000,80.00000,90.00000,100.00000,,,,,,,,,,,,,,,,,,,
item,slider_single_otherUI,hackenburg2025_ctrl,confinement-1,1.00000,,524.00000,36.29771,33.45587,0.48055,-1.12647,0.25382,0.06870,0.09160,0.72519,0.62214,1.00000,0.00000,0.00000,0.00000,8.00000,18.20000,29.00000,48.80000,55.10000,72.40000,85.00000,100.00000,,,,,,,,,,,,,,,,,,,
item,slider_single_otherUI,hackenburg2025_ctrl,confinement-2,1.00000,,524.00000,66.52672,33.11451,-0.62189,-0.98535,0.05534,0.26718,0.07252,0.68702,0.57634,1.00000,0.00000,15.00000,30.00000,50.00000,65.00000,77.50000,87.00000,95.00000,100.00000,100.00000,100.00000,,,,,,,,,,,,,,,,,,,
item,slider_single_otherUI,hackenburg2025_ctrl,confinement-3,1.00000,,524.00000,33.36069,31.62014,0.62274,-0.80708,0.23855,0.05534,0.08206,0.65267,0.54198,1.00000,0.00000,0.00000,0.00000,5.00000,15.00000,25.50000,39.80000,50.00000,64.00000,80.70000,100.00000,,,,,,,,,,,,,,,,,,,
item,slider_single_otherUI,hackenburg2025_ctrl,confinement-4,1.00000,,524.00000,38.58397,35.28478,0.44890,-1.19350,0.25382,0.09160,0.07824,0.66412,0.57824,1.00000,0.00000,0.00000,0.00000,8.00000,19.00000,30.50000,48.80000,56.10000,77.40000,96.70000,100.00000,,,,,,,,,,,,,,,,,,,
item,slider_single_otherUI,hackenburg2025_ctrl,suicide-1,1.00000,,534.00000,67.71348,33.58429,-0.89507,-0.49950,0.09925,0.27528,0.05243,0.76779,0.65169,1.00000,0.00000,1.30000,36.80000,60.00000,70.00000,80.00000,85.00000,93.10000,100.00000,100.00000,100.00000,,,,,,,,,,,,,,,,,,,
item,slider_single_otherUI,hackenburg2025_ctrl,suicide-2,1.00000,,534.00000,31.54307,33.32310,0.91762,-0.44502,0.26966,0.09176,0.05805,0.72472,0.62172,1.00000,0.00000,0.00000,0.00000,5.00000,11.00000,20.00000,30.00000,40.10000,60.00000,95.00000,100.00000,,,,,,,,,,,,,,,,,,,
item,slider_single_otherUI,hackenburg2025_ctrl,suicide-3,1.00000,,534.00000,58.12734,30.61911,-0.45420,-0.66872,0.09925,0.13670,0.16479,0.69850,0.60300,1.00000,0.00000,1.00000,33.00000,50.00000,50.00000,60.00000,70.00000,80.00000,87.00000,100.00000,100.00000,,,,,,,,,,,,,,,,,,,
item,slider_single_otherUI,hackenburg2025_ctrl,suicide-4,1.00000,,534.00000,67.39326,33.33224,-0.85261,-0.50445,0.10674,0.27341,0.06554,0.74345,0.63296,1.00000,0.00000,0.00000,40.00000,55.00000,68.00000,76.00000,85.80000,95.00000,100.00000,100.00000,100.00000,,,,,,,,,,,,,,,,,,,
item,slider_single_otherUI,hackenburg2025_ctrl,border-1,1.00000,,512.00000,55.76953,31.78803,-0.18977,-1.14172,0.06250,0.14844,0.06445,0.64844,0.54492,1.00000,0.00000,10.00000,25.00000,35.00000,50.00000,60.00000,70.00000,78.00000,90.00000,100.00000,100.00000,,,,,,,,,,,,,,,,,,,
item,slider_single_otherUI,hackenburg2025_ctrl,border-2,1.00000,,512.00000,41.74609,31.82957,0.23337,-1.11655,0.17969,0.05273,0.07617,0.67188,0.57031,1.00000,0.00000,0.00000,6.00000,20.00000,30.00000,40.00000,50.00000,60.00000,70.80000,90.00000,100.00000,,,,,,,,,,,,,,,,,,,
item,slider_single_otherUI,hackenburg2025_ctrl,border-3,1.00000,,512.00000,53.81055,30.82387,-0.10287,-1.03169,0.06641,0.12109,0.08789,0.64453,0.51172,1.00000,0.00000,9.00000,25.00000,36.00000,48.00000,52.50000,62.00000,73.00000,85.00000,100.00000,100.00000,,,,,,,,,,,,,,,,,,,
item,slider_single_otherUI,hackenburg2025_ctrl,border-4,1.00000,,512.00000,56.03320,32.69639,-0.20217,-1.16219,0.08203,0.16016,0.06445,0.66211,0.53906,1.00000,0.00000,6.00000,25.00000,35.00000,50.00000,58.00000,70.00000,80.00000,92.00000,100.00000,100.00000,,,,,,,,,,,,,,,,,,,
item,slider_single_otherUI,hackenburg2025_ctrl,felon_voting-1,1.00000,,534.00000,61.78090,34.05986,-0.53321,-1.04596,0.09363,0.21910,0.06367,0.73408,0.61798,1.00000,0.00000,3.30000,21.00000,47.80000,59.20000,70.00000,80.00000,90.00000,100.00000,100.00000,100.00000,,,,,,,,,,,,,,,,,,,
item,slider_single_otherUI,hackenburg2025_ctrl,felon_voting-2,1.00000,,534.00000,36.15169,33.61572,0.60260,-0.96825,0.22472,0.08052,0.07303,0.69850,0.59363,1.00000,0.00000,0.00000,0.00000,10.00000,20.00000,25.00000,40.00000,50.00000,70.40000,91.00000,100.00000,,,,,,,,,,,,,,,,,,,
item,slider_single_otherUI,hackenburg2025_ctrl,felon_voting-3,1.00000,,534.00000,50.11798,31.24087,-0.14589,-1.02504,0.11423,0.09176,0.13109,0.64794,0.52622,1.00000,0.00000,0.00000,15.00000,32.90000,50.00000,50.00000,60.00000,70.00000,79.00000,93.40000,100.00000,,,,,,,,,,,,,,,,,,,
item,slider_single_otherUI,hackenburg2025_ctrl,felon_voting-4,1.00000,,534.00000,53.67041,36.50665,-0.15018,-1.44497,0.13109,0.18539,0.07678,0.69663,0.58614,1.00000,0.00000,0.00000,10.00000,25.00000,45.00000,52.50000,71.00000,82.10000,95.00000,100.00000,100.00000,,,,,,,,,,,,,,,,,,,
item,slider_single_otherUI,hackenburg2025_ctrl,affirmative_action-1,1.00000,,502.00000,43.67131,32.07715,0.31073,-1.06927,0.12749,0.09363,0.09163,0.68725,0.57570,1.00000,0.00000,0.00000,10.00000,20.00000,30.00000,40.00000,50.00000,60.00000,75.80000,95.00000,100.00000,,,,,,,,,,,,,,,,,,,
item,slider_single_otherUI,hackenburg2025_ctrl,affirmative_action-2,1.00000,,502.00000,56.26892,30.77822,-0.38225,-0.89972,0.09163,0.10159,0.10159,0.65139,0.53984,1.00000,0.00000,5.00000,27.20000,40.00000,50.00000,60.00000,70.00000,76.00000,85.00000,99.90000,100.00000,,,,,,,,,,,,,,,,,,,
item,slider_single_otherUI,hackenburg2025_ctrl,affirmative_action-3,1.00000,,502.00000,41.47211,30.83454,0.38747,-0.93623,0.10757,0.07371,0.10159,0.66534,0.52988,1.00000,0.00000,0.00000,10.00000,20.00000,29.00000,40.00000,50.00000,55.70000,70.00000,90.00000,100.00000,,,,,,,,,,,,,,,,,,,
item,slider_single_otherUI,hackenburg2025_ctrl,affirmative_action-4,1.00000,,502.00000,50.99602,32.67728,-0.03143,-1.20586,0.09761,0.11554,0.10359,0.64143,0.51992,1.00000,0.00000,2.10000,19.00000,30.00000,40.40000,50.00000,60.00000,74.00000,85.00000,100.00000,100.00000,,,,,,,,,,,,,,,,,,,
item,slider_single_otherUI,hackenburg2025_ctrl,electoral_college-1,1.00000,,557.00000,63.17415,33.05071,-0.60858,-0.91273,0.07181,0.20467,0.06643,0.69838,0.56553,1.00000,0.00000,8.00000,30.00000,50.00000,60.00000,72.00000,80.00000,89.00000,100.00000,100.00000,100.00000,,,,,,,,,,,,,,,,,,,
item,slider_single_otherUI,hackenburg2025_ctrl,electoral_college-2,1.00000,,557.00000,34.92101,32.72939,0.66256,-0.81260,0.22083,0.07540,0.06463,0.69300,0.57092,1.00000,0.00000,0.00000,0.00000,10.00000,19.00000,25.00000,37.00000,50.00000,70.00000,90.00000,100.00000,,,,,,,,,,,,,,,,,,,
item,slider_single_otherUI,hackenburg2025_ctrl,electoral_college-3,1.00000,,557.00000,63.35009,31.15345,-0.60451,-0.70526,0.06284,0.17235,0.08797,0.66248,0.53501,1.00000,0.00000,10.00000,35.00000,50.00000,60.00000,70.00000,79.00000,86.20000,95.00000,100.00000,100.00000,,,,,,,,,,,,,,,,,,,
item,slider_single_otherUI,hackenburg2025_ctrl,electoral_college-4,1.00000,,557.00000,64.58528,32.64523,-0.66273,-0.79646,0.06822,0.21005,0.07181,0.66786,0.51885,1.00000,0.00000,9.00000,30.00000,50.00000,61.00000,74.00000,81.00000,90.00000,100.00000,100.00000,100.00000,,,,,,,,,,,,,,,,,,,
composite,slider_mean_k3,voelkel2026,Belief_Pre,3.00000,0.53907,13816.00000,65.18532,22.40936,-0.54022,0.01828,0.00333,0.02085,0.01781,0.11718,0.07614,0.34467,0.00000,36.00000,49.00000,54.00000,60.33333,66.33333,72.00000,80.00000,86.33333,94.33333,100.00000,,,27.00274,22.47425,0.02779,0.75000,,,,,,,,,,,,,
composite,slider_mean_k3,voelkel2026,Concern_Pre,3.00000,0.90168,13804.00000,60.58258,31.04605,-0.57848,-0.89016,0.01912,0.05846,0.00891,0.16857,0.12511,0.39539,0.00000,7.66667,28.33333,47.33333,58.00000,68.16667,76.00000,83.33333,90.00000,96.66667,100.00000,,,32.11287,31.04262,0.07556,0.77373,,,,,,,,,,,,,
composite,slider_mean_k3,voelkel2026,Policies_Pre,3.00000,0.81945,13811.00000,67.83069,28.64848,-0.73410,-0.44897,0.00970,0.15987,0.01289,0.25697,0.21773,0.46072,0.00000,21.66667,43.33333,54.66667,65.33333,74.33333,81.66667,89.33333,97.33333,100.00000,100.00000,,,30.48631,28.59273,0.19238,0.83101,,,,,,,,,,,,,
composite,slider_mean_k4,voelkel2026,Intent_Pre,4.00000,0.68947,13793.00000,34.53542,27.83824,0.48393,-0.83558,0.05539,0.01088,0.01037,0.13123,0.09606,0.32176,0.00000,1.25000,5.00000,12.50000,21.25000,30.50000,40.75000,50.25000,61.00000,75.25000,100.00000,,,31.83472,27.88223,0.02900,0.37500,,,,,,,,,,,,,
composite,slider_mean_k4,voelkel2026,PoliciesSp_Pre,4.00000,0.50940,13799.00000,52.67018,23.51162,-0.18525,-0.28024,0.01058,0.01428,0.02044,0.10870,0.06674,0.27719,0.00000,18.75000,33.25000,43.50000,49.75000,53.00000,58.00000,64.25000,72.00000,83.75000,100.00000,,,29.58252,23.51862,0.03442,0.41474,,,,,,,,,,,,,
composite,slider_mean_k4,voelkel2026,Candidate_Pre,4.00000,0.42316,13806.00000,34.74053,21.40004,0.28679,-0.13787,0.06367,0.00138,0.02926,0.15529,0.11669,0.31950,0.00000,3.25000,14.25000,23.50000,29.00000,35.25000,41.25000,47.00000,50.25000,60.75000,100.00000,,,28.41492,21.40321,0.00695,0.19792,,,,,,,,,,,,,
composite,slider_mean_k3,voelkel2026,Companies_Pre,3.00000,0.81690,13810.00000,72.17478,26.27698,-0.90235,0.05453,0.00623,0.17980,0.01477,0.27096,0.23635,0.47697,0.00000,33.33333,50.66667,61.00000,70.00000,78.33333,85.00000,92.33333,99.00000,100.00000,100.00000,,,27.98448,26.22089,0.21513,0.83575,,,,,,,,,,,,,
composite,slider_mean_k6,voelkel2026,IntentNp_Pre,6.00000,0.38925,13791.00000,54.65108,22.68197,-0.29416,-0.48424,0.00450,0.01051,0.00711,0.06323,0.03879,0.18106,0.00000,22.50000,34.66667,43.66667,50.33333,56.50000,62.16667,67.83333,75.00000,83.33333,100.00000,,,32.47066,22.75352,0.05866,0.17923,,,,,,,,,,,,,
composite,slider_mean_k4_otherUI,hackenburg2025_ctrl,medicaid,4.00000,0.01809,480.00000,41.11719,15.83551,0.60350,-0.15366,0.00625,0.00208,0.03333,0.33958,0.08958,0.45000,0.00000,25.00000,25.00000,28.42500,32.50000,38.62500,44.10000,49.32500,55.25000,64.55000,100.00000,,,31.38988,,,,,,,,,,,,,,,,
composite,slider_mean_k4_otherUI,hackenburg2025_ctrl,veterans,4.00000,0.01011,546.00000,46.79533,14.88770,0.01570,-0.73219,0.00183,0.00000,0.10440,0.31319,0.13919,0.42308,0.00000,25.00000,30.25000,36.75000,44.25000,49.75000,50.00000,55.00000,60.75000,66.00000,86.25000,,,30.08312,,,,,,,,,,,,,,,,
composite,slider_mean_k4_otherUI,hackenburg2025_ctrl,pensions,4.00000,0.01274,503.00000,47.96471,13.40431,-0.05685,-0.05271,0.00199,0.00000,0.14513,0.34592,0.18489,0.45129,0.00000,27.50000,36.35000,41.65000,46.25000,50.00000,50.00000,54.35000,58.90000,64.90000,93.25000,,,26.91584,,,,,,,,,,,,,,,,
composite,slider_mean_k4_otherUI,hackenburg2025_ctrl,foreign_aid,4.00000,-0.06608,471.00000,49.35085,12.84579,0.04423,0.09139,0.00000,0.00000,0.08280,0.25053,0.11677,0.35456,12.50000,30.00000,39.00000,45.00000,47.75000,50.00000,51.00000,54.75000,59.25000,66.25000,92.00000,,,28.91284,,,,,,,,,,,,,,,,
composite,slider_mean_k4_otherUI,hackenburg2025_ctrl,confinement,4.00000,-0.04872,524.00000,43.69227,15.52353,0.19031,0.54536,0.01145,0.00573,0.15458,0.40840,0.19656,0.52481,0.00000,25.00000,26.40000,33.47500,42.50000,47.50000,50.00000,50.00000,52.75000,61.77500,100.00000,,,33.36883,,,,,,,,,,,,,,,,
composite,slider_mean_k4_otherUI,hackenburg2025_ctrl,suicide,4.00000,0.01589,534.00000,56.19429,16.49043,-0.81481,-0.05719,0.00375,0.00000,0.04120,0.35019,0.09176,0.43446,0.00000,25.32500,43.65000,50.00000,55.00000,59.87500,62.50000,67.50000,71.25000,75.00000,92.00000,,,32.71468,,,,,,,,,,,,,,,,
composite,slider_mean_k4_otherUI,hackenburg2025_ctrl,border,4.00000,0.00503,512.00000,51.83984,15.99132,-0.10146,-0.96534,0.00000,0.00000,0.04492,0.28906,0.09570,0.41797,17.00000,28.77500,36.30000,42.50000,48.60000,51.25000,56.65000,62.50000,68.95000,75.00000,97.00000,,,31.78446,,,,,,,,,,,,,,,,
composite,slider_mean_k4_otherUI,hackenburg2025_ctrl,felon_voting,4.00000,-0.08061,534.00000,50.43024,14.81800,-0.26872,-0.21520,0.00562,0.00000,0.08427,0.31086,0.13109,0.42135,0.00000,28.75000,38.40000,44.22500,47.75000,50.00000,53.25000,58.75000,64.10000,71.25000,77.50000,,,33.85577,,,,,,,,,,,,,,,,
composite,slider_mean_k4_otherUI,hackenburg2025_ctrl,affirmative_action,4.00000,-0.05564,502.00000,48.10209,14.71273,0.30138,-0.27300,0.00000,0.00000,0.11753,0.33665,0.16335,0.45817,18.75000,27.27500,34.55000,40.82500,45.60000,49.75000,50.00000,52.50000,59.70000,71.00000,98.50000,,,31.59180,,,,,,,,,,,,,,,,
composite,slider_mean_k4_otherUI,hackenburg2025_ctrl,electoral_college,4.00000,0.00917,557.00000,56.50763,16.27056,-0.55960,-0.55420,0.00180,0.00180,0.05566,0.35009,0.11131,0.46858,0.00000,29.60000,40.60000,50.00000,53.85000,60.75000,64.15000,67.50000,72.25000,75.00000,100.00000,,,32.39469,,,,,,,,,,,,,,,,
donation,donation_0_10,voelkel2026_bonus_allocation,Donation($ bins),1.00000,,13173.00000,6.04600,4.54864,-0.45390,-1.67005,0.32589,0.49184,0.04517,1.00000,1.00000,1.00000,0.00000,0.00000,0.00000,0.00000,5.00000,9.00000,10.00000,10.00000,10.00000,10.00000,10.00000,,,,,,,0.32589,0.00843,0.01556,0.00478,0.00638,0.04517,0.00926,0.00926,0.04889,0.03454,0.49184,,
donation,donation_0_10,spampatti2023_WEPT_rescaled,WEPT_90($0-10),1.00000,,6816.00000,1.95305,2.88129,1.53512,1.18235,0.49266,0.03169,0.04475,1.00000,1.00000,1.00000,0.00000,0.00000,0.00000,0.00000,0.00000,1.00000,1.00000,2.00000,4.00000,8.00000,10.00000,,,,,,,0.49266,0.15962,0.10461,0.00000,0.06587,0.04475,0.03184,0.00000,0.03154,0.03741,0.03169,,
donation,dictator_pct_of_endowment,voelkel2024_PA_DG,PA_DG,1.00000,,31908.00000,61.40548,24.93290,0.05038,-0.18510,0.03328,0.11963,0.48427,0.73223,0.73223,1.00000,0.00000,48.00000,50.00000,50.00000,50.00000,50.00000,50.00000,74.00000,96.00000,100.00000,100.00000,,,,,,,,,,,,,,,,,,,
binary,binary_optin,vlasceanu2024_US,Share message on social media,,,8242.00000,0.45305,0.49782,,,0.54695,0.45305,,,,,,,,,,,,,,,,,,,,,,,,,,,,,,,,,,
binary,binary_optin,koetke2024_Study4,Behavioural follow-through (Switch),,,370.00000,0.28919,0.45400,,,0.71081,0.28919,,,,,,,,,,,,,,,,,,,,,,,,,,,,,,,,,,
rbar_anchor,composite_rbar,tisp_US,trust_competence,3.00000,0.65700,2559.00000,,,,,,,,,,,,,,,,,,,,,,,,,,,,,,,,,,,,,,,,1-5 Likert in tisp; slider rbar likely ~5-8% higher (coarseness attenuation)
rbar_anchor,composite_rbar,tisp_US,trust_integrity,3.00000,0.67400,2559.00000,,,,,,,,,,,,,,,,,,,,,,,,,,,,,,,,,,,,,,,,1-5 Likert in tisp; slider rbar likely ~5-8% higher (coarseness attenuation)
rbar_anchor,composite_rbar,tisp_US,trust_benevolence,3.00000,0.63500,2559.00000,,,,,,,,,,,,,,,,,,,,,,,,,,,,,,,,,,,,,,,,1-5 Likert in tisp; slider rbar likely ~5-8% higher (coarseness attenuation)
rbar_anchor,composite_rbar,tisp_US,trust_openness,3.00000,0.69900,2559.00000,,,,,,,,,,,,,,,,,,,,,,,,,,,,,,,,,,,,,,,,1-5 Likert in tisp; slider rbar likely ~5-8% higher (coarseness attenuation)
rbar_anchor,composite_rbar,tisp_US,trust_multidimensional_12item,12.00000,0.61300,2559.00000,,,,,,,,,,,,,,,,,,,,,,,,,,,,,,,,,,,,,,,,1-5 Likert in tisp; slider rbar likely ~5-8% higher (coarseness attenuation)
rbar_anchor,composite_rbar,tisp_US,trust_multidim_4subscale,4.00000,0.77400,2559.00000,,,,,,,,,,,,,,,,,,,,,,,,,,,,,,,,,,,,,,,,1-5 Likert in tisp; slider rbar likely ~5-8% higher (coarseness attenuation)
rbar_anchor,composite_rbar,tisp_US,policy_role_mean_NORMPERC,4.00000,0.59400,2559.00000,,,,,,,,,,,,,,,,,,,,,,,,,,,,,,,,,,,,,,,,1-5 Likert in tisp; slider rbar likely ~5-8% higher (coarseness attenuation)
rbar_anchor,composite_rbar,tisp_US,policy_specific_5of7_CLIM_POLSUPPORT,5.00000,0.39000,2559.00000,,,,,,,,,,,,,,,,,,,,,,,,,,,,,,,,,,,,,,,,1-5 Likert in tisp; slider rbar likely ~5-8% higher (coarseness attenuation)
rbar_anchor,composite_rbar,voelkel2026,concern_mean_v26,3.00000,0.90200,13791.00000,,,,,,,,,,,,,,,,,,,,,,,,,,,,,,,,,,,,,,,,0-100 slider
rbar_anchor,composite_rbar,voelkel2026,behavior_mean_v26_IntentNp,6.00000,0.38900,13791.00000,,,,,,,,,,,,,,,,,,,,,,,,,,,,,,,,,,,,,,,,0-100 slider
recipe,slider_single,train-split fit,KAPPA_interior_a_plus_b,,,,,,,,,,,,,,,,,,,,,,,,,,,,,,,,,,,,,,,,,,2.07000,method-of-moments Beta fit to the interior (1..99 excl 50) of 47 items; SD across items 0.46
recipe,slider_single,train-split fit,logit_p_endpoint_intercept,,,,,,,,,,,,,,,,,,,,,,,,,,,,,,,,,,,,,,,,,,0.46110,logit P(at endpoint)=A+B*dist_of_mean_from_that_end (0-1); 94 item-endpoints; R2=.85
recipe,slider_single,train-split fit,logit_p_endpoint_slope,,,,,,,,,,,,,,,,,,,,,,,,,,,,,,,,,,,,,,,,,,-6.50480,
recipe,slider_single,train-split fit,p_mid_intercept,,,,,,,,,,,,,,,,,,,,,,,,,,,,,,,,,,,,,,,,,,0.05980,"P(=50)=C+D*|mean/100-0.5|; item mean .042; R2=.18; clip [.004,.12]"
recipe,slider_single,train-split fit,p_mid_slope,,,,,,,,,,,,,,,,,,,,,,,,,,,,,,,,,,,,,,,,,,-0.12350,
recipe,slider_single,train-split fit,heap_mult_of_10,,,,,,,,,,,,,,,,,,,,,,,,,,,,,,,,,,,,,,,,,,1.68000,multiplier over the local off-5 baseline
recipe,slider_single,train-split fit,heap_25_and_75,,,,,,,,,,,,,,,,,,,,,,,,,,,,,,,,,,,,,,,,,,1.96000,
recipe,slider_single,train-split fit,heap_mult_of_5_not_10,,,,,,,,,,,,,,,,,,,,,,,,,,,,,,,,,,,,,,,,,,1.16000,
recipe,slider_single,train-split fit,heap_at_50,,,,,,,,,,,,,,,,,,,,,,,,,,,,,,,,,,,,,,,,,,4.07000,implemented as the explicit p_mid mass
recipe,slider_single,train-split fit,heap_at_100,,,,,,,,,,,,,,,,,,,,,,,,,,,,,,,,,,,,,,,,,,11.81000,implemented as the explicit endpoint mass
recipe,slider_single,train-split fit,heap_at_0,,,,,,,,,,,,,,,,,,,,,,,,,,,,,,,,,,,,,,,,,,2.56000,implemented as the explicit endpoint mass
recipe,slider_single,train-split fit,sd_quadratic_a,,,,,,,,,,,,,,,,,,,,,,,,,,,,,,,,,,,,,,,,,,-88.62000,SD = a*m^2+b*m+c with m=mean/100; R2=.42 across items
recipe,slider_single,train-split fit,sd_quadratic_b,,,,,,,,,,,,,,,,,,,,,,,,,,,,,,,,,,,,,,,,,,88.41000,
recipe,slider_single,train-split fit,sd_quadratic_c,,,,,,,,,,,,,,,,,,,,,,,,,,,,,,,,,,,,,,,,,,10.42000,
recipe,composite,train-split fit,copula_rho_calibration,,,,,,,,,,,,,,,,,,,,,,,,,,,,,,,,,,,,,,,,,,0.94500,realised Pearson r = 0.945 * rho_copula
recipe,composite,train-split fit,copula_df,,,,,,,,,,,,,,,,,,,,,,,,,,,,,,,,,,,,,,,,,,3.00000,t-copula df; captures floor/ceiling straight-lining
recipe,donation_0_10,train-split fit,logit_p0_intercept,,,,,,,,,,,,,,,,,,,,,,,,,,,,,,,,,,,,,,,,,,0.37120,pooled 18 v26 cells + 29 WEPT cells; R2=.76
recipe,donation_0_10,train-split fit,logit_p0_slope,,,,,,,,,,,,,,,,,,,,,,,,,,,,,,,,,,,,,,,,,,-0.19450,
recipe,donation_0_10,train-split fit,logit_p10_intercept,,,,,,,,,,,,,,,,,,,,,,,,,,,,,,,,,,,,,,,,,,-5.46820,R2=.95
recipe,donation_0_10,train-split fit,logit_p10_slope,,,,,,,,,,,,,,,,,,,,,,,,,,,,,,,,,,,,,,,,,,0.89640,
recipe,donation_0_10,train-split fit,sd_intercept,,,,,,,,,,,,,,,,,,,,,,,,,,,,,,,,,,,,,,,,,,1.93700,SD = 1.937 + 0.420*mean$; R2=.89
recipe,donation_0_10,train-split fit,sd_slope,,,,,,,,,,,,,,,,,,,,,,,,,,,,,,,,,,,,,,,,,,0.42000,
recipe,donation_0_10,train-split fit,heap_at_5,,,,,,,,,,,,,,,,,,,,,,,,,,,,,,,,,,,,,,,,,,5.80000,$5 salience vs log-interpolated $4/$6 neighbours
shift,all_slider,train-split fit,dSD_dMean_per_pp,,,,,,,,,,,,,,,,,,,,,,,,,,,,,,,,,,,,,,,,,,0.02140,"voelkel2026, 13 arms x 9 outcomes, outcome FE; se .040, p=.59 -> variance ratio 1.003 for a +2pp ATE"
shift,all_slider,train-split fit,dPceil_dMean_per_pp,,,,,,,,,,,,,,,,,,,,,,,,,,,,,,,,,,,,,,,,,,0.00358,"se .00072, p<1e-4"
shift,all_slider,train-split fit,dPfloor_dMean_per_pp,,,,,,,,,,,,,,,,,,,,,,,,,,,,,,,,,,,,,,,,,,-0.00099,"se .00041, p=.016"
shift,all_slider,train-split fit,dlogit_Pceil_dMean_per_pp,,,,,,,,,,,,,,,,,,,,,,,,,,,,,,,,,,,,,,,,,,0.09420,se .0304 (excl. donation)
shift,all_slider,train-split fit,dQ10_dMean,,,,,,,,,,,,,,,,,,,,,,,,,,,,,,,,,,,,,,,,,,0.98000,d(10th pctile)/d(arm mean)
shift,all_slider,train-split fit,dQ25_dMean,,,,,,,,,,,,,,,,,,,,,,,,,,,,,,,,,,,,,,,,,,1.19000,
shift,all_slider,train-split fit,dQ50_dMean,,,,,,,,,,,,,,,,,,,,,,,,,,,,,,,,,,,,,,,,,,1.18000,
shift,all_slider,train-split fit,dQ75_dMean,,,,,,,,,,,,,,,,,,,,,,,,,,,,,,,,,,,,,,,,,,1.07000,
shift,all_slider,train-split fit,dQ90_dMean,,,,,,,,,,,,,,,,,,,,,,,,,,,,,,,,,,,,,,,,,,0.93000,
